Person,Age,Gender,Own Home,Married,Close,Salary,Children,History,Catalogs,Region,State,City,First Purchase,Amount Spent
1,1,0,0,0,1,16400,1,1,12,South,Florida,Orlando,10/23/2011,218
2,2,0,1,1,0,108100,3,3,18,Midwest,Illinois,Chicago,5/25/2009,2632
3,2,1,1,1,1,97300,1,NA,12,South,Florida,Orlando,8/18/2015,3048
4,3,1,1,1,1,26800,0,1,12,East,Ohio,Cleveland,12/26/2012,435
5,1,1,0,0,1,11200,0,NA,6,Midwest,Illinois,Chicago,8/4/2015,106
6,2,0,0,0,1,42800,0,2,12,West,Arizona,Phoenix,3/4/2013,759
7,2,0,0,0,1,34700,0,NA,18,Midwest,Kansas,Kansas City,6/11/2015,1615
8,3,0,1,1,0,80000,0,3,6,West,California,San Francisco,8/17/2009,1985
9,2,1,1,0,1,60300,0,NA,24,Midwest,Illinois,Chicago,5/29/2015,2091
10,3,1,1,1,0,62300,0,3,24,South,Florida,Orlando,6/9/2011,2644
11,2,1,0,1,1,94200,1,3,18,East,New York,Buffalo,4/27/2011,1211
12,2,1,1,1,0,73800,0,3,24,West,Utah,Salt Lake City,8/13/2011,3120
13,2,1,1,0,1,45900,2,1,12,South,Louisiana,New Orleans,6/2/2011,416
14,2,1,0,0,0,52600,1,NA,18,East,New York,Buffalo,4/8/2015,1773
15,2,0,1,1,1,82200,1,NA,12,West,California,Los Angeles,4/15/2015,1517
16,2,0,1,1,1,76700,2,2,6,East,Pennsylvania,Philadelphia,7/28/2012,534
17,2,0,1,1,1,79400,3,1,6,South,Tennessee,Memphis,3/1/2015,200
18,2,1,1,1,1,66900,0,3,12,West,Washington,Seattle,5/12/2009,1220
19,1,0,0,0,1,12400,1,NA,12,South,Florida,Miami,4/23/2015,229
20,1,1,0,1,1,52600,1,2,12,South,Louisiana,New Orleans,5/28/2011,1052
21,3,0,1,0,0,28300,0,2,24,Midwest,Missouri,St. Louis,10/26/2009,933
22,2,1,1,0,0,53900,0,NA,12,South,Texas,Houston,1/30/2015,1186
23,3,0,0,0,1,28900,0,1,12,South,Tennessee,Memphis,1/9/2011,830
24,1,0,0,0,1,15900,0,NA,18,East,Ohio,Cleveland,6/13/2015,406
25,2,1,0,0,1,50700,3,1,6,Midwest,Ohio,Cincinnati,5/25/2014,157
26,1,1,0,0,0,17800,1,NA,18,South,Florida,Miami,5/19/2015,589
27,2,0,1,0,1,51300,0,2,24,West,California,Los Angeles,12/26/2014,1424
28,3,0,1,1,1,74400,0,3,18,East,New York,Buffalo,6/6/2010,2479
29,2,0,1,1,1,88200,0,NA,24,South,Florida,Miami,3/10/2015,2749
30,2,1,1,1,0,79000,1,3,18,East,Massachusetts,Boston,4/3/2013,2279
31,2,0,1,0,0,55200,0,3,18,East,New York,New York,9/1/2010,1714
32,2,1,1,1,1,95800,3,1,12,Midwest,Missouri,St. Louis,2/1/2013,678
33,1,0,0,0,0,13700,2,NA,24,West,Arizona,Phoenix,7/25/2015,414
34,2,0,1,0,1,41300,1,NA,18,East,New York,New York,6/20/2015,932
35,2,1,1,0,0,65400,1,3,12,South,Florida,Orlando,4/26/2011,2290
36,1,0,1,0,0,29600,3,NA,12,East,Ohio,Cleveland,5/30/2015,774
37,1,1,0,1,1,49800,0,2,12,Midwest,Ohio,Cincinnati,4/8/2014,827
38,2,1,1,0,1,73700,1,2,12,South,Texas,Houston,8/15/2013,1274
39,3,0,1,0,1,39900,0,NA,6,East,New York,New York,1/30/2015,619
40,1,0,0,1,1,36600,0,2,6,East,New York,Buffalo,7/31/2012,833
41,3,1,1,1,1,51200,0,2,12,Midwest,Kansas,Kansas City,12/29/2011,1293
42,2,1,1,0,1,59400,0,2,18,West,Utah,Salt Lake City,12/17/2014,1699
43,2,1,1,1,1,107300,2,2,18,West,Washington,Seattle,10/31/2009,1566
44,2,1,1,1,0,90700,3,3,24,South,Florida,Miami,5/12/2011,2265
45,2,1,1,1,0,74400,0,3,6,West,Arizona,Phoenix,2/8/2009,1893
46,3,1,1,1,0,15400,0,1,6,South,Tennessee,Memphis,10/25/2009,297
47,1,0,0,1,1,60100,0,NA,18,Midwest,Kansas,Kansas City,7/3/2015,1594
48,2,0,1,1,1,81700,3,1,24,East,Pennsylvania,Philadelphia,4/22/2012,879
49,3,0,1,0,1,36100,0,2,12,South,Florida,Miami,1/22/2010,438
50,2,0,0,0,1,47000,0,NA,6,East,Pennsylvania,Philadelphia,7/23/2015,963
51,2,0,0,0,1,28200,1,1,6,East,Pennsylvania,Philadelphia,10/20/2013,224
52,2,1,1,0,1,56700,2,1,18,East,Massachusetts,Boston,1/18/2009,536
53,1,0,0,0,0,12600,0,1,6,Midwest,Kentucky,Louisville,10/14/2011,241
54,3,0,1,1,1,21500,0,1,18,East,New York,New York,11/21/2011,445
55,2,1,1,1,0,96800,2,3,18,Midwest,Illinois,Chicago,1/8/2010,2299
56,3,0,1,0,0,22000,0,2,12,East,Massachusetts,Boston,11/4/2009,736
57,2,1,1,0,1,57600,1,NA,6,South,Texas,Houston,5/19/2015,1006
58,3,1,1,0,1,65300,0,3,18,West,California,Los Angeles,2/9/2012,1443
59,2,0,1,1,1,63300,2,2,24,South,Texas,Houston,5/20/2009,679
60,3,0,0,1,1,38200,0,2,6,Midwest,Indiana,Indianapolis,12/30/2013,526
61,1,0,0,0,1,11000,2,NA,18,East,Pennsylvania,Philadelphia,5/11/2015,393
62,3,0,1,0,0,24000,1,1,6,East,Ohio,Cleveland,10/12/2009,357
63,2,0,1,0,1,47600,1,2,12,Midwest,Kansas,Kansas City,10/29/2011,801
64,2,1,1,1,1,87000,0,3,24,East,Ohio,Cleveland,5/1/2013,1594
65,2,1,0,1,1,117700,1,3,12,West,Colorado,Denver,5/24/2009,2104
66,1,0,0,1,0,30100,0,2,12,East,Ohio,Cleveland,10/12/2012,530
67,3,0,1,0,1,12800,0,NA,12,South,Louisiana,New Orleans,2/23/2015,230
68,2,1,1,0,1,63200,0,3,24,South,Florida,Miami,1/19/2009,1932
69,1,1,0,1,0,41600,0,3,24,East,Pennsylvania,Pittsburgh,5/2/2012,1690
70,2,1,1,1,0,75500,0,NA,18,West,California,Los Angeles,7/2/2015,2450
71,3,0,1,1,1,74900,0,3,12,West,Arizona,Phoenix,1/12/2014,1474
72,2,1,0,1,0,72200,3,2,18,East,New York,Buffalo,3/4/2014,1811
73,1,0,0,1,1,36500,1,NA,18,West,California,San Francisco,5/17/2015,747
74,2,0,0,1,1,73000,1,2,6,South,Florida,Miami,3/19/2010,490
75,3,0,0,0,0,15100,0,1,6,Midwest,Illinois,Chicago,3/21/2014,348
76,1,0,0,0,0,19800,1,1,24,West,Utah,Salt Lake City,1/19/2014,991
77,2,1,1,0,1,64000,3,1,12,East,Pennsylvania,Philadelphia,9/25/2010,410
78,1,0,0,1,1,79400,0,NA,6,East,Massachusetts,Boston,5/1/2015,1175
79,2,0,1,1,1,82000,0,3,18,West,California,Los Angeles,6/24/2013,1800
80,2,0,0,1,1,63500,1,2,18,West,California,Los Angeles,8/17/2011,1023
81,3,0,1,1,1,118000,3,1,12,South,Louisiana,New Orleans,1/8/2015,581
82,1,0,0,0,1,13300,1,NA,6,East,Pennsylvania,Pittsburgh,5/20/2015,236
83,2,1,0,0,0,45100,1,2,12,South,Texas,Houston,3/30/2015,794
84,3,1,1,1,1,45900,0,2,24,South,Tennessee,Memphis,1/26/2011,1645
85,2,0,1,0,1,43900,2,1,6,West,Colorado,Denver,4/14/2011,358
86,3,0,1,1,0,110000,0,3,24,East,Ohio,Cleveland,10/1/2010,5564
87,2,1,0,0,1,63000,0,3,24,East,Ohio,Cleveland,12/24/2011,1910
88,2,1,0,0,1,61800,0,3,24,South,Tennessee,Memphis,12/17/2014,1156
89,2,0,0,1,1,53300,0,2,24,Midwest,Ohio,Cincinnati,7/15/2015,1598
90,1,0,0,1,1,42000,3,1,6,West,Washington,Seattle,5/14/2012,105
91,1,0,1,0,1,25900,2,NA,12,Midwest,Illinois,Chicago,3/28/2015,449
92,1,1,0,1,0,20200,1,1,24,East,New York,Buffalo,12/14/2012,500
93,2,0,0,0,1,46600,0,NA,12,South,Texas,Dallas,4/4/2015,546
94,1,1,0,0,1,18700,0,1,12,South,Louisiana,New Orleans,4/25/2012,289
95,3,1,1,0,1,45700,0,2,18,Midwest,Missouri,St. Louis,1/4/2012,724
96,1,0,1,0,1,32600,3,1,12,South,Louisiana,New Orleans,3/25/2012,172
97,2,1,1,1,1,96100,0,3,6,South,Florida,Miami,6/1/2014,1588
98,1,0,0,0,0,14400,1,1,6,East,New York,Buffalo,7/13/2010,390
99,2,1,0,0,1,54200,0,NA,18,South,Florida,Miami,3/23/2015,1405
100,2,0,1,1,0,80600,0,3,24,East,Pennsylvania,Pittsburgh,1/23/2012,2840
101,2,0,1,1,1,48900,3,NA,18,East,Pennsylvania,Philadelphia,6/28/2015,915
102,3,0,1,0,1,30300,0,1,18,South,Tennessee,Memphis,11/18/2012,1062
103,3,1,1,1,1,124900,0,3,18,West,Utah,Salt Lake City,5/24/2015,4109
104,1,0,0,0,1,13700,1,NA,6,Midwest,Kentucky,Louisville,5/19/2015,163
105,1,1,0,1,0,60300,1,NA,6,Midwest,Ohio,Cincinnati,7/11/2015,1252
106,2,1,0,0,1,43100,1,NA,12,South,Texas,Houston,3/26/2015,1224
107,3,0,1,1,0,128700,0,3,24,Midwest,Kentucky,Louisville,2/8/2014,3995
108,2,0,0,1,1,118300,1,NA,18,East,Pennsylvania,Pittsburgh,5/31/2015,2681
109,1,1,0,1,1,36500,0,2,24,South,Florida,Orlando,7/22/2013,1140
110,1,1,0,0,1,13400,0,1,18,Midwest,Kansas,Kansas City,8/20/2013,424
111,2,1,1,1,1,101700,1,NA,6,West,California,San Francisco,7/28/2015,941
112,2,1,1,0,1,76800,1,2,18,East,Ohio,Cleveland,10/18/2013,1061
113,1,1,0,0,1,21900,0,1,12,East,Pennsylvania,Philadelphia,8/2/2010,276
114,1,0,0,0,0,16100,0,NA,6,East,Ohio,Cleveland,3/29/2015,202
115,2,0,1,0,0,64100,2,3,24,Midwest,Ohio,Cincinnati,7/29/2010,1595
116,2,0,0,1,1,95900,0,NA,24,Midwest,Kansas,Kansas City,2/27/2015,3168
117,3,0,1,0,1,58200,0,2,18,West,Arizona,Phoenix,9/13/2012,981
118,2,1,1,1,0,120000,3,3,18,West,Colorado,Denver,6/1/2012,1926
119,2,1,1,0,1,68400,0,3,18,South,Florida,Orlando,1/5/2013,1155
120,2,1,1,1,1,83600,2,2,6,East,Ohio,Cleveland,12/12/2011,538
121,1,0,0,0,1,13400,1,1,12,Midwest,Missouri,St. Louis,6/9/2013,143
122,3,0,1,1,1,54700,0,2,24,West,Colorado,Denver,7/21/2009,1404
123,3,1,1,1,0,41300,0,3,24,West,Colorado,Denver,8/23/2013,1985
124,2,0,1,1,1,130700,3,NA,6,South,Florida,Miami,8/25/2015,2070
125,3,0,0,1,1,39500,0,2,12,West,California,Los Angeles,3/12/2015,1006
126,2,0,1,1,1,93400,2,NA,24,West,Washington,Seattle,1/25/2015,3079
127,2,1,1,1,1,83100,2,2,6,West,Utah,Salt Lake City,6/19/2012,586
128,2,1,1,0,1,55900,1,NA,24,West,Colorado,Denver,4/10/2015,2555
129,3,1,1,1,1,71200,1,2,12,East,New York,Buffalo,3/3/2012,638
130,2,1,0,0,1,57800,0,2,24,West,California,Los Angeles,7/21/2012,1149
131,2,1,0,0,1,59100,2,1,18,West,California,San Francisco,3/28/2013,580
132,1,0,0,0,0,23100,2,1,6,South,Louisiana,New Orleans,6/8/2012,466
133,1,1,0,0,0,10900,0,1,24,South,Louisiana,New Orleans,1/10/2014,407
134,2,0,1,0,0,47500,0,3,6,Midwest,Kansas,Kansas City,12/20/2014,847
135,2,1,0,1,1,76200,1,NA,24,West,Colorado,Denver,4/6/2015,2437
136,1,1,0,0,1,14200,1,NA,24,East,Ohio,Cleveland,6/12/2015,400
137,3,0,0,1,0,52500,0,3,24,West,Arizona,Phoenix,12/24/2011,2038
138,2,0,0,1,0,43300,3,2,24,Midwest,Ohio,Cincinnati,3/8/2010,716
139,2,1,1,0,1,66600,0,3,18,West,Washington,Seattle,10/31/2014,1177
140,2,1,0,0,1,55100,2,NA,6,South,Texas,Houston,2/8/2015,826
141,1,0,0,0,1,10600,2,1,12,South,Tennessee,Memphis,8/19/2013,114
142,3,1,0,0,1,56300,0,2,6,East,Massachusetts,Boston,3/17/2011,873
143,1,1,1,1,1,58900,0,NA,18,East,New York,New York,4/7/2015,1215
144,2,0,1,1,1,102500,3,1,12,East,Pennsylvania,Pittsburgh,5/23/2009,548
145,2,1,1,0,0,71500,0,NA,6,Midwest,Ohio,Cincinnati,3/16/2015,964
146,3,1,1,1,1,73300,0,NA,12,Midwest,Illinois,Chicago,1/31/2015,1694
147,2,1,1,1,1,69900,1,NA,18,South,Louisiana,New Orleans,3/15/2015,2101
148,1,0,0,0,1,12100,1,1,6,West,Arizona,Phoenix,9/12/2013,90
149,1,0,0,0,1,23000,3,1,6,Midwest,Illinois,Chicago,1/20/2015,79
150,2,1,0,0,1,39500,1,NA,6,South,Tennessee,Memphis,5/8/2015,412
151,3,1,1,1,1,55500,0,2,18,South,Florida,Miami,5/12/2009,858
152,2,1,0,0,1,45600,0,2,18,West,Utah,Salt Lake City,10/3/2014,1388
153,1,1,0,0,0,19500,0,NA,24,East,Ohio,Cleveland,7/20/2015,571
154,2,1,1,1,1,70400,2,NA,12,Midwest,Indiana,Indianapolis,4/28/2015,1127
155,1,0,0,0,1,10200,3,NA,6,Midwest,Indiana,Indianapolis,4/6/2015,199
156,2,1,1,1,1,83700,0,3,24,East,Pennsylvania,Pittsburgh,8/5/2010,3344
157,2,0,1,1,1,72600,1,NA,18,South,Tennessee,Memphis,8/25/2015,1999
158,2,1,0,0,0,40500,1,NA,18,East,New York,Buffalo,6/22/2015,1073
159,2,1,1,1,1,63300,2,NA,6,East,Massachusetts,Boston,4/6/2015,633
160,1,1,0,0,1,14800,3,NA,12,East,New York,New York,3/2/2015,436
161,3,0,0,1,1,84800,0,3,18,Midwest,Indiana,Indianapolis,3/26/2010,2624
162,2,0,1,1,1,85500,2,2,18,Midwest,Kentucky,Louisville,6/7/2011,895
163,2,1,0,1,0,84100,1,3,24,South,Florida,Miami,10/14/2013,2362
164,1,0,0,0,1,26600,2,1,24,South,Texas,Houston,8/17/2012,245
165,3,0,0,0,1,42500,0,2,24,South,Louisiana,New Orleans,5/28/2012,918
166,1,1,0,0,0,15300,0,1,24,Midwest,Ohio,Cincinnati,8/25/2009,645
167,2,1,1,1,1,67600,1,2,18,East,Pennsylvania,Pittsburgh,1/24/2012,1172
168,1,1,0,0,1,15200,0,NA,12,South,Texas,Dallas,1/30/2015,324
169,2,0,1,0,0,56000,3,2,6,South,Louisiana,New Orleans,11/30/2014,530
170,2,0,1,1,1,84800,1,NA,12,South,Texas,Dallas,3/18/2015,1826
171,1,0,0,0,1,10600,2,NA,24,South,Florida,Miami,4/18/2015,517
172,3,0,0,1,0,88400,0,3,18,East,Pennsylvania,Pittsburgh,4/24/2013,3632
173,2,1,1,1,1,87200,0,3,18,West,California,Los Angeles,7/2/2012,1274
174,2,1,0,1,1,106700,2,2,6,Midwest,Ohio,Cincinnati,3/11/2014,607
175,1,1,0,0,1,27100,1,1,12,Midwest,Missouri,St. Louis,8/28/2013,268
176,2,0,1,0,1,46600,2,NA,18,Midwest,Missouri,St. Louis,6/17/2015,1153
177,2,0,1,0,1,49100,2,1,6,South,Texas,Dallas,7/13/2009,474
178,2,0,1,0,1,35200,0,2,12,West,California,Los Angeles,7/5/2012,607
179,3,0,1,0,1,35200,0,NA,12,West,Utah,Salt Lake City,7/6/2015,827
180,3,0,1,1,0,84100,0,3,18,East,Pennsylvania,Philadelphia,5/31/2010,2710
181,1,1,0,0,1,25800,0,NA,6,East,Massachusetts,Boston,4/23/2015,451
182,2,0,1,1,1,49700,2,1,18,Midwest,Kentucky,Louisville,11/18/2013,613
183,1,0,0,0,1,13200,1,1,12,East,Pennsylvania,Pittsburgh,1/21/2012,227
184,1,0,0,0,1,14600,3,1,6,South,Louisiana,New Orleans,8/28/2010,47
185,2,1,1,1,1,109900,2,2,12,Midwest,Illinois,Chicago,8/20/2012,870
186,2,0,1,1,1,126300,1,3,6,South,Louisiana,New Orleans,7/29/2009,1888
187,2,1,1,1,0,100600,3,3,24,Midwest,Ohio,Cincinnati,2/14/2014,2838
188,3,0,0,0,0,11700,0,1,18,East,Ohio,Cleveland,3/22/2014,540
189,2,0,0,0,1,36400,2,1,18,East,New York,Buffalo,12/19/2013,506
190,1,0,0,0,1,22200,2,1,18,South,Texas,Houston,2/8/2014,275
191,2,1,1,1,1,106400,0,NA,12,Midwest,Missouri,St. Louis,8/25/2015,1757
192,3,0,1,1,1,112800,0,3,12,South,Florida,Miami,3/28/2010,1861
193,3,1,1,1,1,95900,0,3,24,South,Texas,Houston,8/23/2010,2585
194,2,1,0,1,1,88000,2,2,6,East,Ohio,Cleveland,10/15/2011,524
195,2,1,0,0,1,44500,0,2,24,South,Louisiana,New Orleans,7/28/2012,1175
196,3,0,1,1,1,43600,0,2,12,Midwest,Illinois,Chicago,6/13/2015,1047
197,1,1,0,0,0,20800,0,NA,6,South,Florida,Miami,8/5/2015,260
198,3,1,1,1,1,23400,0,1,6,Midwest,Indiana,Indianapolis,12/14/2011,348
199,2,0,0,0,1,46600,0,2,24,East,Pennsylvania,Philadelphia,1/10/2015,906
200,1,0,0,0,1,31300,1,1,6,West,Washington,Seattle,5/23/2010,357
201,1,0,0,1,0,33200,1,NA,24,West,Utah,Salt Lake City,3/17/2015,1639
202,3,0,1,1,0,70400,0,3,18,Midwest,Kentucky,Louisville,4/11/2011,2610
203,1,1,0,0,1,17000,0,NA,18,Midwest,Kansas,Kansas City,7/30/2015,581
204,2,0,0,0,1,26200,1,1,12,Midwest,Indiana,Indianapolis,1/8/2010,381
205,3,1,1,1,1,108900,0,3,12,West,California,Los Angeles,10/29/2014,1841
206,3,0,1,0,1,17300,0,1,6,East,New York,New York,5/3/2013,166
207,2,1,0,0,0,51900,0,3,18,East,Ohio,Cleveland,10/6/2011,1492
208,3,0,0,0,1,33600,0,2,12,West,Washington,Seattle,3/13/2010,573
209,1,0,0,1,1,61000,1,NA,18,East,Massachusetts,Boston,2/15/2015,1611
210,3,0,1,1,1,41600,0,NA,18,South,Florida,Orlando,7/2/2015,982
211,1,0,0,1,1,54200,1,2,6,South,Louisiana,New Orleans,12/8/2012,486
212,3,1,0,1,0,66200,0,3,24,South,Tennessee,Memphis,3/10/2012,2057
213,2,0,1,0,1,72200,0,NA,18,East,Pennsylvania,Philadelphia,2/6/2015,3278
214,2,0,0,0,1,39700,3,1,12,West,Washington,Seattle,12/20/2009,238
215,1,1,0,1,1,36900,0,2,18,South,Florida,Orlando,1/31/2011,721
216,2,1,1,1,1,96100,3,1,12,West,Washington,Seattle,2/11/2012,316
217,1,0,0,0,1,11700,0,1,12,Midwest,Missouri,St. Louis,6/24/2013,193
218,1,1,0,0,1,31600,1,NA,12,South,Florida,Miami,7/14/2015,476
219,3,0,1,1,1,82800,0,3,24,West,California,San Francisco,3/6/2014,3010
220,1,0,0,1,1,40900,1,2,18,South,Florida,Orlando,8/22/2011,962
221,2,1,0,1,1,65800,2,2,18,South,Tennessee,Memphis,10/9/2013,578
222,1,1,0,1,1,39700,0,2,18,Midwest,Indiana,Indianapolis,10/12/2014,1011
223,3,0,1,1,0,79300,0,NA,12,East,Massachusetts,Boston,3/7/2015,2047
224,2,0,0,1,1,40500,2,1,18,Midwest,Kentucky,Louisville,10/1/2011,622
225,2,0,1,1,1,64100,1,2,18,Midwest,Kansas,Kansas City,9/15/2013,1332
226,2,0,0,0,1,42000,3,1,18,West,Colorado,Denver,11/11/2014,232
227,3,0,1,0,1,32500,0,2,24,South,Florida,Miami,11/4/2011,883
228,3,0,0,1,1,68600,0,3,18,West,California,Los Angeles,11/2/2014,1342
229,2,1,0,0,1,60400,1,2,6,Midwest,Kentucky,Louisville,4/13/2013,791
230,2,1,1,1,0,130600,0,3,18,Midwest,Kentucky,Louisville,10/16/2014,3442
231,3,1,1,1,1,73100,0,3,6,South,Texas,Dallas,12/26/2013,1582
232,3,0,1,0,1,23800,0,1,6,Midwest,Kentucky,Louisville,2/14/2010,438
233,2,1,1,0,1,52900,1,NA,24,Midwest,Indiana,Indianapolis,2/6/2015,2316
234,1,1,0,1,1,53600,1,2,24,West,Colorado,Denver,8/3/2014,973
235,2,1,0,0,1,55600,0,2,6,West,Utah,Salt Lake City,9/29/2013,984
236,3,1,1,1,0,52000,0,3,18,Midwest,Ohio,Cincinnati,4/27/2013,2545
237,2,0,0,1,1,79500,0,3,12,East,New York,New York,12/24/2014,1651
238,2,1,0,1,0,64600,2,NA,24,South,Tennessee,Memphis,8/19/2015,2935
239,1,0,0,0,1,14300,1,NA,18,Midwest,Ohio,Cincinnati,7/14/2015,458
240,2,1,1,1,1,100000,1,3,24,West,Washington,Seattle,3/18/2013,2247
241,2,1,1,0,0,48100,2,2,18,Midwest,Kansas,Kansas City,5/30/2012,961
242,2,1,1,1,1,107300,2,2,24,East,Pennsylvania,Philadelphia,7/3/2012,1194
243,2,1,1,1,1,85600,0,3,24,Midwest,Ohio,Cincinnati,4/27/2015,3380
244,2,1,1,0,1,62700,2,2,12,Midwest,Kentucky,Louisville,3/25/2014,704
245,2,1,1,0,0,55600,0,3,18,Midwest,Kentucky,Louisville,10/17/2009,1786
246,2,1,0,0,1,54700,0,2,24,Midwest,Indiana,Indianapolis,9/19/2009,1355
247,2,0,0,0,1,46500,1,2,24,East,Pennsylvania,Pittsburgh,8/25/2015,829
248,3,0,1,0,1,35900,0,NA,12,South,Florida,Orlando,6/17/2015,962
249,2,1,0,1,1,106100,3,1,12,West,Washington,Seattle,11/23/2011,472
250,2,1,1,0,1,49200,3,1,12,East,New York,Buffalo,7/29/2015,210
251,1,0,0,0,0,10800,3,1,6,Midwest,Kansas,Kansas City,12/2/2011,123
252,2,1,0,0,1,45200,1,2,18,West,Washington,Seattle,3/17/2015,699
253,3,0,0,0,0,20400,0,NA,24,South,Florida,Orlando,3/21/2015,513
254,2,1,1,1,0,95800,3,NA,12,South,Texas,Houston,3/19/2015,2581
255,2,1,1,1,1,111400,0,3,12,Midwest,Illinois,Chicago,1/18/2009,2136
256,3,0,1,1,1,49200,0,2,12,Midwest,Kentucky,Louisville,9/14/2014,1078
257,2,1,0,1,0,48800,2,NA,12,South,Texas,Houston,5/24/2015,1647
258,1,0,0,0,1,14000,0,1,12,Midwest,Kentucky,Louisville,12/14/2010,229
259,2,1,1,0,1,82800,0,NA,6,East,New York,New York,5/27/2015,1544
260,1,0,0,0,0,12900,1,1,6,South,Texas,Dallas,2/11/2009,167
261,2,0,1,1,1,44100,1,2,24,West,Colorado,Denver,12/9/2010,704
262,2,0,0,1,0,72900,0,3,18,Midwest,Indiana,Indianapolis,6/23/2012,2075
263,3,1,1,0,1,59300,0,2,12,Midwest,Ohio,Cincinnati,10/15/2010,929
264,2,1,1,0,1,59700,1,NA,18,West,Washington,Seattle,4/17/2015,1422
265,3,1,1,0,1,40200,2,NA,18,West,Arizona,Phoenix,3/21/2015,1197
266,2,1,1,0,1,62800,3,NA,6,East,Ohio,Cleveland,6/19/2015,707
267,3,0,0,0,0,22600,0,NA,12,South,Texas,Houston,7/9/2015,865
268,2,0,1,0,1,54400,3,1,18,South,Tennessee,Memphis,12/24/2013,342
269,1,0,1,0,1,33400,1,NA,6,Midwest,Ohio,Cincinnati,1/14/2015,617
270,1,1,0,1,0,63300,3,NA,6,Midwest,Kentucky,Louisville,8/25/2015,1408
271,2,1,0,1,1,87400,2,NA,18,Midwest,Indiana,Indianapolis,5/13/2015,2729
272,2,0,1,0,1,27000,2,1,6,Midwest,Illinois,Chicago,11/25/2009,183
273,2,1,1,0,1,65300,3,1,6,West,Washington,Seattle,5/7/2012,193
274,2,0,0,1,1,104900,3,1,6,South,Tennessee,Memphis,10/11/2012,450
275,3,0,0,0,1,20100,0,1,24,Midwest,Illinois,Chicago,5/30/2012,576
276,1,0,0,0,1,14600,1,1,6,Midwest,Missouri,St. Louis,9/7/2012,143
277,2,1,1,0,1,48100,0,2,18,East,Pennsylvania,Philadelphia,7/5/2009,1640
278,2,0,1,1,1,107600,2,2,12,West,California,San Francisco,7/7/2015,1512
279,2,0,0,0,1,58600,1,2,6,Midwest,Ohio,Cincinnati,1/20/2012,624
280,1,1,0,1,1,80700,3,1,6,South,Florida,Miami,11/13/2012,202
281,2,1,0,0,0,40200,0,3,18,West,Utah,Salt Lake City,4/4/2013,1634
282,1,1,0,0,1,25000,0,1,6,West,Colorado,Denver,4/25/2013,264
283,2,0,1,0,1,46600,3,1,6,Midwest,Kentucky,Louisville,3/12/2011,158
284,1,1,0,0,0,21900,2,NA,6,Midwest,Kansas,Kansas City,3/29/2015,192
285,1,1,0,0,0,13900,0,NA,24,East,Massachusetts,Boston,2/7/2015,570
286,2,0,0,0,1,25700,2,1,6,East,New York,New York,7/4/2014,173
287,3,0,0,1,0,72200,0,3,24,East,Massachusetts,Boston,11/24/2012,3069
288,1,0,0,1,1,76400,0,NA,12,South,Florida,Miami,2/26/2015,2216
289,1,0,1,0,1,20300,1,1,12,West,California,Los Angeles,9/9/2010,304
290,1,0,0,0,1,11400,2,NA,6,East,Pennsylvania,Pittsburgh,3/3/2015,186
291,1,0,0,0,1,17000,0,1,18,South,Tennessee,Memphis,1/11/2011,659
292,3,1,0,1,1,60000,0,2,6,Midwest,Ohio,Cincinnati,9/15/2009,966
293,3,1,1,1,1,107400,0,3,12,East,Pennsylvania,Pittsburgh,12/15/2014,1485
294,3,0,1,0,1,37300,0,2,6,East,Pennsylvania,Pittsburgh,10/9/2011,673
295,2,1,1,0,1,68900,2,NA,18,Midwest,Illinois,Chicago,7/21/2015,2784
296,2,1,1,1,1,83000,2,2,6,South,Florida,Orlando,8/6/2014,726
297,2,1,1,1,1,97400,1,3,6,South,Texas,Dallas,4/6/2011,880
298,2,0,0,1,0,92400,1,NA,6,South,Texas,Houston,6/27/2015,2191
299,2,0,0,0,0,44800,1,2,6,Midwest,Kentucky,Louisville,8/29/2012,666
300,3,0,0,1,1,50500,0,2,12,Midwest,Indiana,Indianapolis,10/29/2013,642
301,2,1,1,1,0,65400,3,NA,6,South,Florida,Miami,3/5/2015,836
302,2,0,1,1,0,83100,1,NA,12,Midwest,Indiana,Indianapolis,8/24/2015,2766
303,2,1,1,1,1,117500,2,2,12,East,New York,New York,4/11/2010,927
304,2,0,0,0,1,43300,3,1,24,East,Pennsylvania,Pittsburgh,2/12/2012,326
305,2,1,1,1,0,103900,1,3,24,Midwest,Ohio,Cincinnati,10/28/2009,2666
306,1,0,0,1,1,41700,1,NA,6,Midwest,Kansas,Kansas City,8/4/2015,521
307,3,1,1,0,1,44800,0,2,24,East,Ohio,Cleveland,1/26/2009,1417
308,2,1,1,0,0,45000,1,NA,18,East,New York,New York,7/19/2015,902
309,2,0,0,0,1,43700,0,2,12,East,New York,Buffalo,6/12/2009,950
310,3,0,0,1,1,23600,1,1,6,East,New York,Buffalo,5/20/2015,161
311,1,1,0,0,0,20400,0,2,18,East,Ohio,Cleveland,12/15/2014,867
312,3,1,1,1,1,123000,0,3,24,South,Tennessee,Memphis,6/15/2010,3671
313,2,0,0,0,1,44600,0,2,18,Midwest,Indiana,Indianapolis,6/16/2015,966
314,1,1,0,1,1,55500,3,1,12,South,Louisiana,New Orleans,4/25/2009,216
315,2,0,1,0,0,56200,0,3,18,West,Colorado,Denver,8/29/2009,1546
316,2,1,1,1,1,96300,2,NA,18,South,Florida,Orlando,2/14/2015,3916
317,3,1,0,0,1,32400,1,1,12,East,Massachusetts,Boston,10/21/2011,515
318,2,1,1,0,1,60200,0,2,12,South,Florida,Orlando,7/18/2013,1365
319,3,0,1,1,1,72900,0,3,6,East,New York,New York,9/9/2012,753
320,1,0,0,0,1,19300,1,1,24,South,Florida,Miami,3/28/2013,308
321,3,1,1,1,1,74800,0,3,18,Midwest,Kansas,Kansas City,12/25/2009,1968
322,1,1,0,1,1,34300,3,NA,12,South,Texas,Houston,8/28/2015,1297
323,2,1,1,0,0,75400,0,3,24,South,Louisiana,New Orleans,1/7/2009,2723
324,1,0,0,0,0,11400,3,NA,12,South,Texas,Houston,1/23/2015,312
325,1,1,1,1,1,30400,0,1,6,West,Utah,Salt Lake City,5/24/2011,495
326,2,1,0,0,1,41200,0,2,12,East,Massachusetts,Boston,5/14/2010,841
327,1,1,0,0,1,21400,0,NA,12,West,Utah,Salt Lake City,8/16/2015,414
328,1,0,0,1,1,60600,3,1,12,South,Texas,Houston,9/27/2013,307
329,2,1,1,1,1,105300,1,NA,18,West,Colorado,Denver,2/14/2015,3505
330,2,1,1,0,1,63700,0,NA,6,South,Florida,Miami,8/26/2015,1351
331,1,1,0,0,1,15800,2,1,12,East,Pennsylvania,Philadelphia,10/16/2013,147
332,2,1,0,0,0,56900,0,3,24,Midwest,Indiana,Indianapolis,7/28/2015,1857
333,1,0,0,0,1,15900,0,1,18,South,Texas,Houston,3/6/2011,503
334,3,0,1,1,0,37500,0,2,18,East,New York,Buffalo,11/17/2009,1578
335,2,1,0,0,0,42500,1,NA,6,South,Texas,Houston,7/3/2015,798
336,2,1,1,1,1,97500,0,3,18,East,New York,New York,5/6/2009,2837
337,1,1,1,0,1,29600,3,NA,12,South,Florida,Orlando,3/22/2015,583
338,2,1,1,0,1,55600,0,NA,12,East,Massachusetts,Boston,3/13/2015,952
339,2,1,0,1,1,74600,2,2,18,South,Florida,Miami,2/24/2014,705
340,2,0,1,1,1,68500,2,NA,12,Midwest,Missouri,St. Louis,4/2/2015,1500
341,2,0,1,0,1,51900,2,NA,12,West,Colorado,Denver,6/13/2015,1162
342,1,0,0,0,1,17200,1,NA,12,South,Florida,Orlando,8/4/2015,329
343,1,0,0,1,0,51900,0,NA,6,Midwest,Kansas,Kansas City,7/5/2015,780
344,2,1,1,1,1,70200,0,NA,6,West,California,San Francisco,2/7/2015,1583
345,2,1,1,0,1,61500,2,2,24,Midwest,Indiana,Indianapolis,11/1/2009,968
346,2,0,1,1,1,70900,1,2,12,East,Massachusetts,Boston,3/25/2012,794
347,2,1,1,1,0,72500,0,NA,24,South,Florida,Orlando,1/16/2015,2595
348,3,0,1,0,1,33200,0,2,24,West,Utah,Salt Lake City,9/27/2011,1037
349,2,1,0,0,0,58600,2,NA,6,Midwest,Missouri,St. Louis,1/17/2015,989
350,2,1,1,1,1,54700,0,2,18,East,Pennsylvania,Philadelphia,9/20/2009,848
351,2,1,0,1,0,64000,1,NA,6,East,Pennsylvania,Pittsburgh,1/16/2015,1552
352,1,0,0,0,0,12500,1,NA,12,East,New York,New York,4/8/2015,422
353,2,1,1,1,1,122700,1,NA,18,Midwest,Kansas,Kansas City,1/27/2015,4984
354,1,1,0,0,1,23200,1,1,24,South,Louisiana,New Orleans,4/1/2013,504
355,1,1,0,1,1,41600,3,NA,24,South,Florida,Orlando,2/2/2015,1634
356,3,0,1,1,1,69400,0,3,18,West,California,San Francisco,1/16/2011,2419
357,2,0,1,1,1,109800,1,3,24,West,Washington,Seattle,11/8/2009,2258
358,2,0,1,0,0,66800,3,NA,24,Midwest,Illinois,Chicago,5/12/2015,2098
359,2,1,0,1,0,87100,2,3,18,West,California,San Francisco,10/7/2014,1688
360,2,1,1,0,0,80800,2,3,18,South,Tennessee,Memphis,4/19/2012,2444
361,2,1,1,1,0,122100,0,3,12,Midwest,Missouri,St. Louis,8/9/2012,2408
362,1,0,0,0,1,19400,1,NA,18,West,Washington,Seattle,7/7/2015,384
363,2,0,1,0,1,43300,1,NA,18,South,Florida,Orlando,3/29/2015,1021
364,3,1,1,1,0,33000,0,2,12,West,California,Los Angeles,2/27/2013,979
365,3,1,0,1,0,66300,0,NA,18,South,Tennessee,Memphis,2/10/2015,2243
366,2,1,1,1,1,96300,1,3,24,East,Pennsylvania,Philadelphia,12/6/2011,1909
367,2,1,0,0,0,55800,1,NA,6,South,Tennessee,Memphis,8/27/2015,821
368,2,1,0,1,1,63500,2,NA,24,Midwest,Indiana,Indianapolis,1/13/2015,2321
369,2,1,1,1,0,82400,2,3,24,Midwest,Indiana,Indianapolis,11/25/2014,2035
370,1,0,0,0,1,14200,0,NA,6,West,California,San Francisco,4/7/2015,192
371,1,1,0,1,1,41500,0,NA,24,West,California,San Francisco,7/7/2015,1213
372,2,1,1,1,1,82500,0,3,6,Midwest,Kentucky,Louisville,6/17/2015,859
373,2,1,1,1,1,85600,1,3,18,South,Texas,Houston,2/23/2013,2436
374,1,0,0,0,0,18400,1,1,6,West,California,San Francisco,1/25/2014,319
375,3,0,1,1,1,62600,0,3,6,South,Texas,Houston,7/11/2015,565
376,1,0,0,0,0,13800,3,1,6,Midwest,Illinois,Chicago,6/23/2009,127
377,2,1,1,0,1,60300,0,3,24,South,Texas,Dallas,7/9/2015,1263
378,1,1,1,0,1,31500,3,1,18,East,Ohio,Cleveland,10/8/2011,269
379,3,0,1,1,1,111500,0,3,18,South,Louisiana,New Orleans,3/15/2011,2510
380,2,1,1,0,1,67900,0,3,18,South,Tennessee,Memphis,6/24/2015,1418
381,1,1,0,0,1,29200,0,1,18,West,Utah,Salt Lake City,12/18/2012,737
382,3,1,1,1,1,84500,0,NA,12,Midwest,Indiana,Indianapolis,8/10/2015,1557
383,2,1,1,1,1,84700,3,NA,24,East,Ohio,Cleveland,4/15/2015,2705
384,1,1,0,1,0,67300,3,NA,6,East,Ohio,Cleveland,7/18/2015,1212
385,2,1,0,0,0,51100,0,3,24,West,California,San Francisco,10/20/2012,1984
386,1,1,0,0,1,23500,0,1,12,West,California,Los Angeles,2/18/2013,371
387,1,1,0,0,1,21300,1,NA,12,West,Washington,Seattle,4/8/2015,329
388,2,1,1,1,1,90100,0,3,18,Midwest,Kansas,Kansas City,2/17/2014,1956
389,2,1,1,1,0,84300,2,3,18,East,Ohio,Cleveland,1/2/2012,1648
390,1,0,0,0,0,13200,0,NA,18,Midwest,Ohio,Cincinnati,3/16/2015,512
391,1,0,0,0,1,22100,2,1,18,South,Louisiana,New Orleans,11/25/2010,280
392,2,1,1,1,1,53700,1,NA,12,West,California,Los Angeles,3/14/2015,1081
393,2,1,0,0,0,38700,1,2,18,West,California,Los Angeles,6/3/2010,1009
394,2,0,1,0,1,35200,2,1,6,South,Texas,Houston,12/23/2010,233
395,2,1,1,1,0,113300,1,3,18,West,Arizona,Phoenix,1/16/2013,5151
396,2,1,0,1,1,105600,3,1,6,South,Florida,Orlando,2/9/2015,304
397,3,0,1,1,1,74700,0,3,12,East,Massachusetts,Boston,9/8/2011,1699
398,2,0,1,0,1,60200,1,NA,12,East,Massachusetts,Boston,2/28/2015,1748
399,1,0,0,0,1,12000,0,1,24,Midwest,Kentucky,Louisville,8/14/2012,344
400,1,0,0,0,1,16700,2,1,12,West,California,Los Angeles,7/15/2009,108
401,2,0,1,0,1,46100,2,1,12,East,New York,New York,5/26/2013,418
402,2,1,1,1,0,103700,1,3,24,South,Texas,Houston,10/14/2014,2339
403,2,1,0,0,1,63800,1,2,24,West,Washington,Seattle,6/6/2012,1622
404,2,0,1,1,1,65400,2,2,24,West,California,San Francisco,1/17/2014,938
405,2,1,1,0,1,49900,1,NA,24,East,Pennsylvania,Philadelphia,7/14/2015,1631
406,2,1,1,1,1,64300,2,2,6,East,New York,Buffalo,12/6/2010,661
407,2,1,1,0,0,59600,2,2,18,Midwest,Missouri,St. Louis,6/14/2015,1217
408,2,0,1,0,1,45100,1,2,12,Midwest,Ohio,Cincinnati,1/24/2012,448
409,2,0,0,0,1,39900,1,1,12,West,California,San Francisco,3/12/2012,586
410,1,1,1,0,1,33400,0,NA,12,East,Ohio,Cleveland,1/31/2015,567
411,2,1,1,1,1,99600,1,3,6,West,Utah,Salt Lake City,9/1/2009,871
412,2,1,1,0,1,58400,0,2,12,West,California,San Francisco,10/7/2012,829
413,2,1,0,0,1,35100,1,1,6,Midwest,Indiana,Indianapolis,5/16/2009,421
414,3,1,1,0,1,53400,1,2,12,Midwest,Indiana,Indianapolis,12/9/2010,886
415,2,1,1,0,1,61600,0,NA,18,Midwest,Indiana,Indianapolis,2/22/2015,1666
416,1,0,1,0,0,21400,3,NA,6,West,California,Los Angeles,4/8/2015,326
417,1,0,0,0,0,20000,3,1,6,West,Colorado,Denver,9/21/2009,182
418,3,0,1,0,0,32700,0,2,24,East,Ohio,Cleveland,11/19/2011,1252
419,2,0,1,1,0,99200,0,3,24,Midwest,Missouri,St. Louis,12/26/2012,5503
420,2,1,1,1,1,109600,1,3,12,South,Florida,Orlando,2/17/2015,2318
421,3,0,1,1,0,22800,0,NA,12,East,Ohio,Cleveland,2/27/2015,452
422,3,1,1,1,0,76900,2,3,24,East,Pennsylvania,Pittsburgh,7/13/2012,3230
423,2,0,0,1,1,97400,3,1,6,East,Ohio,Cleveland,10/18/2013,213
424,2,1,0,0,1,43700,0,NA,18,West,Arizona,Phoenix,4/7/2015,1344
425,2,0,1,0,1,49600,1,2,12,Midwest,Indiana,Indianapolis,8/16/2015,844
426,3,1,1,0,1,71300,0,3,18,West,Arizona,Phoenix,6/7/2012,1543
427,3,0,1,1,1,10100,1,1,6,West,Utah,Salt Lake City,5/7/2010,93
428,2,0,1,0,1,35800,1,NA,24,Midwest,Missouri,St. Louis,6/30/2015,1355
429,2,1,1,1,0,113400,3,3,18,Midwest,Kentucky,Louisville,6/15/2014,1790
430,1,0,0,0,0,23200,2,NA,24,East,New York,Buffalo,1/30/2015,788
431,2,1,0,1,1,88500,2,2,24,Midwest,Kansas,Kansas City,6/16/2014,1104
432,2,1,1,1,1,96900,1,3,12,East,New York,Buffalo,6/4/2013,1420
433,1,0,0,0,1,22000,1,1,12,West,California,Los Angeles,3/11/2012,472
434,2,0,0,1,1,81400,2,NA,6,East,New York,New York,3/25/2015,1014
435,3,0,1,1,1,114800,0,3,18,Midwest,Indiana,Indianapolis,9/3/2011,3596
436,2,0,1,1,1,79900,3,1,12,South,Louisiana,New Orleans,6/18/2013,295
437,2,1,1,1,1,107400,1,3,24,East,Pennsylvania,Philadelphia,7/27/2012,1821
438,3,0,1,1,0,78800,0,3,18,South,Florida,Miami,1/26/2014,3398
439,2,1,0,1,0,124800,3,3,18,South,Florida,Miami,4/18/2010,2537
440,1,0,0,1,1,36900,1,NA,18,South,Louisiana,New Orleans,7/6/2015,1480
441,1,0,0,0,0,12800,1,NA,24,Midwest,Missouri,St. Louis,8/23/2015,365
442,2,0,1,0,1,65800,1,2,12,South,Louisiana,New Orleans,8/15/2010,869
443,1,1,1,0,1,20900,0,1,24,South,Florida,Miami,1/15/2012,550
444,2,1,1,0,0,49700,0,3,24,East,New York,Buffalo,7/15/2012,2844
445,3,0,1,0,1,25500,0,1,18,Midwest,Indiana,Indianapolis,11/22/2012,636
446,3,0,1,0,1,20600,0,1,6,South,Texas,Houston,2/2/2013,201
447,3,1,1,1,1,84300,0,3,24,Midwest,Illinois,Chicago,11/25/2012,2842
448,2,0,0,0,0,31200,3,NA,24,West,Utah,Salt Lake City,8/27/2015,1087
449,2,0,0,0,1,50500,1,2,12,South,Louisiana,New Orleans,1/27/2011,940
450,1,0,0,0,1,15500,1,1,6,South,Texas,Dallas,4/12/2014,210
451,1,0,0,0,1,12900,1,1,6,East,New York,Buffalo,8/29/2013,107
452,2,1,0,0,1,52400,0,NA,18,South,Florida,Miami,7/20/2015,857
453,2,1,1,1,1,97600,2,2,12,South,Texas,Houston,12/3/2014,1162
454,2,1,0,0,1,50500,0,2,12,West,Washington,Seattle,3/31/2011,1029
455,2,1,0,0,1,55900,1,2,12,West,California,San Francisco,6/22/2013,909
456,1,0,0,0,0,28900,0,2,24,West,Arizona,Phoenix,3/31/2009,905
457,2,1,0,1,1,108300,2,NA,12,West,Utah,Salt Lake City,7/13/2015,2224
458,2,0,0,1,1,46700,0,2,24,West,California,San Francisco,9/21/2012,983
459,3,1,1,1,1,102700,0,NA,18,East,Pennsylvania,Pittsburgh,8/4/2015,2381
460,1,0,0,0,1,15600,0,NA,12,West,California,Los Angeles,2/22/2015,468
461,2,1,0,0,1,39000,0,NA,6,West,Arizona,Phoenix,8/24/2015,643
462,3,0,0,1,0,60200,0,3,18,Midwest,Kansas,Kansas City,3/14/2013,2328
463,1,0,0,0,1,17300,0,1,12,Midwest,Kentucky,Louisville,3/24/2013,345
464,2,0,0,0,1,36900,1,1,6,South,Texas,Dallas,3/9/2015,371
465,2,1,1,1,1,64800,2,2,12,East,New York,New York,1/15/2010,574
466,2,0,0,1,0,67300,1,3,18,Midwest,Illinois,Chicago,8/9/2011,1513
467,1,1,0,0,1,15400,0,1,6,Midwest,Kansas,Kansas City,2/18/2010,172
468,1,0,0,0,1,22600,3,NA,6,East,Pennsylvania,Philadelphia,3/5/2015,521
469,3,1,1,1,0,54600,0,3,24,East,Ohio,Cleveland,10/30/2012,2163
470,1,1,1,1,1,62200,0,3,24,South,Florida,Miami,2/16/2010,1348
471,1,1,0,1,1,56300,0,NA,24,Midwest,Missouri,St. Louis,8/7/2015,1608
472,1,1,0,0,1,21000,0,1,24,South,Florida,Miami,1/31/2010,646
473,2,0,0,1,1,66900,2,2,12,East,Ohio,Cleveland,6/22/2011,769
474,2,1,1,1,1,66500,3,1,12,East,Ohio,Cleveland,7/11/2011,286
475,1,0,0,0,1,13600,1,1,6,Midwest,Kansas,Kansas City,4/5/2014,183
476,2,1,1,1,1,54200,1,2,6,South,Louisiana,New Orleans,8/22/2015,757
477,2,1,1,1,1,102400,1,3,18,South,Texas,Houston,8/22/2011,1237
478,1,0,0,1,1,42300,0,NA,6,East,Pennsylvania,Pittsburgh,6/18/2015,856
479,3,0,0,0,1,14900,0,NA,12,Midwest,Illinois,Chicago,5/18/2015,275
480,2,1,1,1,1,123800,2,NA,18,Midwest,Kansas,Kansas City,4/17/2015,3537
481,3,1,1,0,1,58700,0,NA,24,West,Arizona,Phoenix,8/21/2015,1479
482,1,0,0,0,1,15000,2,NA,12,South,Florida,Orlando,6/3/2015,341
483,1,1,0,0,1,14100,0,1,12,East,New York,Buffalo,5/24/2013,328
484,1,0,0,0,0,17300,1,1,18,East,New York,Buffalo,1/12/2011,381
485,2,1,1,1,0,77800,1,3,18,East,Massachusetts,Boston,5/28/2009,1813
486,3,0,0,1,1,65900,0,3,12,West,Washington,Seattle,3/27/2015,777
487,2,1,1,0,1,73200,0,3,24,Midwest,Illinois,Chicago,8/17/2013,2177
488,2,1,1,1,1,88100,2,2,24,Midwest,Missouri,St. Louis,1/8/2011,1078
489,2,0,1,1,1,51900,3,1,6,Midwest,Indiana,Indianapolis,8/5/2014,158
490,3,0,1,0,0,47500,0,3,6,Midwest,Ohio,Cincinnati,1/16/2013,755
491,2,1,1,1,1,74500,0,3,6,East,Pennsylvania,Philadelphia,7/7/2011,1481
492,1,0,1,0,0,27900,0,2,18,South,Florida,Orlando,1/27/2012,1184
493,3,1,1,1,1,58300,0,2,24,East,New York,New York,8/12/2014,1472
494,2,1,1,1,1,81200,0,3,24,West,California,San Francisco,1/2/2012,1856
495,2,1,1,1,1,104100,0,3,24,West,Arizona,Phoenix,4/14/2012,2636
496,2,0,1,1,0,87200,0,3,18,East,Pennsylvania,Philadelphia,8/13/2011,3604
497,2,1,1,1,1,76400,2,2,18,South,Texas,Houston,2/1/2009,881
498,1,1,0,1,1,64300,3,1,6,West,Arizona,Phoenix,9/7/2012,239
499,2,1,1,1,1,119800,2,2,24,Midwest,Kansas,Kansas City,7/21/2013,2090
500,2,1,1,0,1,56300,3,1,6,East,Pennsylvania,Philadelphia,6/3/2011,321
501,1,1,0,1,1,67800,0,3,12,Midwest,Illinois,Chicago,7/8/2014,1084
502,1,1,0,1,1,66700,0,NA,18,South,Texas,Dallas,7/8/2015,1310
503,3,0,1,1,0,91800,0,NA,24,East,Ohio,Cleveland,7/26/2015,2452
504,1,1,0,0,1,17700,1,1,12,Midwest,Kansas,Kansas City,12/17/2014,268
505,2,0,1,1,1,97900,0,3,24,West,California,San Francisco,4/6/2013,2149
506,1,0,1,1,1,76200,0,3,12,West,California,San Francisco,10/30/2011,979
507,2,1,0,0,1,47200,0,2,18,East,Pennsylvania,Pittsburgh,5/24/2013,1587
508,1,1,0,0,1,21700,1,NA,18,East,New York,Buffalo,5/31/2015,774
509,2,1,1,1,1,82400,0,3,18,East,Massachusetts,Boston,8/10/2015,1779
510,2,0,0,0,0,35600,3,1,18,West,California,Los Angeles,10/17/2014,865
511,3,1,0,0,1,42800,0,2,12,South,Tennessee,Memphis,12/21/2014,922
512,2,1,0,0,1,72000,0,3,12,Midwest,Indiana,Indianapolis,5/29/2012,1475
513,2,0,1,1,0,90400,1,3,18,East,New York,New York,12/3/2011,2924
514,1,1,0,1,1,37200,1,1,6,West,Washington,Seattle,8/31/2011,247
515,2,1,1,1,1,77000,0,3,12,East,Ohio,Cleveland,6/20/2011,2104
516,1,0,0,1,1,71200,3,1,12,East,Pennsylvania,Philadelphia,5/22/2009,392
517,3,0,1,1,1,61000,0,NA,18,Midwest,Kentucky,Louisville,1/6/2015,1850
518,3,1,1,1,0,37000,0,2,12,South,Florida,Orlando,5/17/2010,850
519,1,0,0,0,1,25300,3,NA,6,West,Arizona,Phoenix,3/25/2015,510
520,1,0,0,1,0,53700,0,3,24,West,Arizona,Phoenix,2/9/2015,2491
521,2,0,0,0,1,48100,0,2,12,West,Washington,Seattle,1/6/2015,782
522,2,1,1,1,1,96300,1,3,12,West,Washington,Seattle,6/28/2009,1081
523,2,0,0,1,1,75200,1,NA,24,Midwest,Illinois,Chicago,3/6/2015,2702
524,3,0,0,1,0,81500,0,3,18,West,Colorado,Denver,5/1/2012,3655
525,2,1,0,1,0,83500,2,3,24,West,Washington,Seattle,1/29/2012,2098
526,3,0,1,0,1,30900,0,2,18,East,Pennsylvania,Pittsburgh,3/17/2012,862
527,2,0,1,1,1,75600,0,NA,12,Midwest,Kansas,Kansas City,6/15/2015,1541
528,1,1,0,1,0,25100,0,2,12,Midwest,Indiana,Indianapolis,5/24/2011,592
529,3,0,0,1,1,41700,0,2,18,West,Washington,Seattle,9/9/2014,1398
530,2,0,1,1,1,35300,0,2,24,West,Arizona,Phoenix,7/27/2014,1093
531,2,0,0,0,1,35300,0,NA,18,West,Utah,Salt Lake City,2/17/2015,1369
532,3,1,0,0,1,44400,0,2,18,South,Louisiana,New Orleans,11/29/2011,886
533,2,0,1,1,0,44200,0,3,24,Midwest,Illinois,Chicago,12/8/2011,2524
534,3,0,1,1,0,57900,0,3,12,West,California,San Francisco,6/13/2013,1693
535,2,1,1,1,1,97100,0,NA,12,West,Arizona,Phoenix,1/10/2015,1473
536,2,1,0,1,1,96400,1,3,24,South,Texas,Dallas,5/6/2015,1822
537,1,0,0,0,0,23100,2,1,12,Midwest,Indiana,Indianapolis,2/4/2015,457
538,2,1,0,0,0,67700,0,3,12,West,Arizona,Phoenix,10/2/2014,2226
539,2,0,0,1,0,53900,1,3,18,East,Pennsylvania,Pittsburgh,9/20/2012,2177
540,1,0,1,1,1,42400,1,NA,18,Midwest,Kentucky,Louisville,8/27/2015,1166
541,2,0,1,0,1,52700,2,1,18,Midwest,Illinois,Chicago,10/14/2010,855
542,2,1,0,0,1,47000,1,2,12,West,Utah,Salt Lake City,6/14/2014,584
543,1,0,0,0,1,14800,1,1,6,East,New York,New York,6/25/2009,209
544,1,0,0,0,1,12700,3,1,12,South,Florida,Orlando,8/19/2009,87
545,3,0,1,1,1,96200,0,3,12,South,Tennessee,Memphis,4/6/2009,1457
546,1,0,1,0,1,15100,0,1,6,Midwest,Kansas,Kansas City,6/4/2015,274
547,1,1,0,1,1,43700,1,NA,12,Midwest,Indiana,Indianapolis,8/19/2015,927
548,3,0,1,0,1,43300,0,NA,12,East,Ohio,Cleveland,8/29/2015,1584
549,2,0,1,0,1,36700,1,NA,6,South,Florida,Miami,8/21/2015,529
550,3,0,1,0,1,28500,0,1,24,West,Utah,Salt Lake City,4/8/2009,621
551,2,0,0,0,1,32100,2,1,24,West,Washington,Seattle,8/21/2013,405
552,2,1,0,1,1,92900,1,NA,6,East,New York,Buffalo,1/9/2015,1705
553,3,0,1,1,0,40100,0,2,12,Midwest,Kentucky,Louisville,6/3/2011,1384
554,3,0,0,0,1,21400,0,1,18,Midwest,Missouri,St. Louis,10/14/2013,498
555,2,1,1,1,1,72200,0,3,24,East,Ohio,Cleveland,5/27/2011,2492
556,3,0,1,1,0,67900,0,3,24,Midwest,Indiana,Indianapolis,1/4/2009,2925
557,1,0,0,0,0,21100,1,1,6,East,Massachusetts,Boston,11/10/2009,470
558,2,1,1,1,0,93000,3,3,6,South,Louisiana,New Orleans,2/17/2015,1046
559,1,0,0,1,1,40900,2,1,18,West,Arizona,Phoenix,3/27/2012,576
560,2,1,1,0,0,61300,2,3,24,Midwest,Illinois,Chicago,3/15/2014,1241
561,3,0,1,1,1,110700,0,3,12,West,Colorado,Denver,12/13/2013,2458
562,2,1,0,1,1,81800,1,3,18,East,Ohio,Cleveland,7/8/2009,1838
563,1,1,0,0,1,19100,0,NA,6,East,New York,Buffalo,2/23/2015,176
564,1,0,0,1,1,73600,1,2,6,Midwest,Illinois,Chicago,4/9/2010,647
565,2,0,1,0,0,62500,3,NA,6,South,Tennessee,Memphis,6/20/2015,921
566,2,0,0,1,1,48600,0,2,24,West,California,San Francisco,7/21/2012,1583
567,3,1,0,1,1,69800,0,3,24,South,Texas,Houston,11/2/2011,2764
568,2,1,1,1,1,90300,0,3,24,East,Massachusetts,Boston,4/15/2014,1944
569,2,1,1,1,1,74500,2,2,12,Midwest,Indiana,Indianapolis,4/12/2010,824
570,1,0,1,0,0,32000,1,NA,24,South,Texas,Houston,7/11/2015,1320
571,2,0,1,1,1,68200,1,NA,6,East,New York,New York,7/25/2015,818
572,1,0,1,0,1,21600,2,NA,12,South,Texas,Houston,2/9/2015,491
573,2,0,0,0,0,38200,0,2,24,South,Texas,Houston,4/25/2014,1476
574,2,0,0,1,1,91000,2,2,6,Midwest,Kansas,Kansas City,4/25/2011,708
575,1,0,0,0,0,12000,0,1,6,Midwest,Kansas,Kansas City,3/29/2015,264
576,1,0,0,0,0,18200,2,1,12,South,Tennessee,Memphis,4/13/2012,322
577,2,0,0,1,1,72100,0,3,24,Midwest,Kansas,Kansas City,10/17/2014,3052
578,2,1,0,1,1,38400,2,1,6,East,Pennsylvania,Philadelphia,11/1/2014,188
579,2,1,1,1,0,79700,1,3,24,South,Tennessee,Memphis,12/7/2010,3384
580,1,1,0,0,0,17700,0,1,18,South,Tennessee,Memphis,11/15/2010,742
581,3,1,1,1,0,112900,0,3,24,South,Florida,Orlando,2/5/2009,6217
582,1,0,0,0,1,17800,1,1,6,East,Pennsylvania,Pittsburgh,8/8/2012,216
583,2,0,1,1,0,52300,1,3,18,Midwest,Kentucky,Louisville,6/7/2010,2034
584,2,1,1,0,0,60200,0,3,12,East,New York,Buffalo,5/21/2009,1955
585,2,0,1,1,1,80800,1,NA,18,Midwest,Illinois,Chicago,4/18/2015,1598
586,1,0,0,0,1,21900,1,NA,12,Midwest,Illinois,Chicago,8/6/2015,576
587,2,1,1,1,0,102700,1,3,18,South,Florida,Miami,4/8/2010,3785
588,2,0,1,1,1,90500,1,3,6,South,Florida,Miami,2/18/2014,1116
589,2,1,1,0,1,44600,2,1,6,East,Ohio,Cleveland,11/19/2014,236
590,3,1,1,1,1,85300,0,NA,12,South,Tennessee,Memphis,6/27/2015,2523
591,1,1,0,0,1,13000,3,1,6,West,California,San Francisco,7/26/2014,43
592,1,0,0,0,0,32400,1,2,24,South,Florida,Orlando,7/24/2011,920
593,1,1,0,1,0,46300,1,2,18,South,Florida,Miami,7/24/2010,1357
594,2,0,0,1,0,120800,1,3,24,South,Florida,Orlando,8/18/2014,5830
595,2,0,1,1,1,92300,3,1,18,Midwest,Ohio,Cincinnati,11/30/2014,655
596,2,1,1,1,1,102300,0,3,24,Midwest,Kentucky,Louisville,8/9/2011,2438
597,2,0,0,0,1,41400,3,1,6,East,Ohio,Cleveland,8/31/2014,223
598,3,0,1,1,1,22400,0,NA,24,South,Louisiana,New Orleans,4/19/2015,947
599,2,1,1,1,1,102700,3,NA,12,West,Utah,Salt Lake City,6/17/2015,1473
600,2,0,0,0,0,44100,1,2,18,West,Colorado,Denver,12/9/2013,1659
601,1,0,1,1,0,33700,0,NA,6,South,Tennessee,Memphis,2/25/2015,614
602,2,1,1,0,0,39100,1,2,12,South,Florida,Orlando,1/25/2013,1001
603,1,1,0,1,0,41500,3,NA,24,West,Washington,Seattle,4/9/2015,1314
604,3,0,0,0,0,17900,0,1,6,Midwest,Kansas,Kansas City,2/21/2010,446
605,1,1,0,0,1,14600,3,NA,6,South,Texas,Dallas,4/24/2015,307
606,2,0,1,0,1,46300,3,NA,6,Midwest,Kansas,Kansas City,8/20/2015,1138
607,3,1,0,0,1,34500,0,2,24,West,Utah,Salt Lake City,11/23/2011,639
608,2,0,1,1,1,76600,3,NA,24,East,Ohio,Cleveland,6/22/2015,2904
609,2,1,1,1,0,100100,1,3,24,South,Florida,Miami,11/5/2012,3491
610,1,1,0,1,1,49300,0,NA,24,East,Ohio,Cleveland,5/1/2015,1692
611,3,1,1,0,1,63200,0,3,24,East,Pennsylvania,Pittsburgh,12/19/2014,1507
612,3,0,1,1,1,42800,0,2,6,South,Texas,Houston,8/3/2013,685
613,3,1,1,1,1,106600,0,3,12,Midwest,Kentucky,Louisville,5/22/2013,1877
614,3,0,1,1,0,74900,0,NA,12,South,Texas,Houston,6/10/2015,1804
615,1,0,0,0,1,19100,1,1,18,West,California,Los Angeles,2/19/2010,403
616,2,1,1,0,1,48800,1,2,24,West,Colorado,Denver,6/5/2015,1271
617,2,0,1,1,1,105300,1,NA,24,East,Massachusetts,Boston,3/24/2015,3360
618,3,1,1,1,1,90600,0,3,24,South,Florida,Miami,10/29/2012,3167
619,2,0,1,1,1,105500,1,3,6,East,Ohio,Cleveland,3/6/2012,1781
620,1,0,0,0,1,17900,3,1,6,West,California,Los Angeles,7/3/2011,62
621,2,1,1,1,1,99300,1,3,12,Midwest,Ohio,Cincinnati,11/3/2013,1504
622,3,0,1,0,1,17600,0,1,6,West,Arizona,Phoenix,10/11/2009,224
623,2,1,1,1,1,76700,1,2,24,Midwest,Illinois,Chicago,12/12/2010,1431
624,3,0,1,1,1,65900,0,3,24,Midwest,Kentucky,Louisville,8/30/2012,1436
625,2,0,1,1,1,63700,3,1,12,East,Massachusetts,Boston,1/27/2009,364
626,2,1,0,1,1,93000,1,3,24,South,Texas,Dallas,8/15/2015,2644
627,3,0,1,1,0,33600,2,2,12,Midwest,Kentucky,Louisville,7/24/2010,805
628,1,0,1,0,1,27500,3,NA,12,East,Pennsylvania,Philadelphia,1/16/2015,571
629,2,1,1,1,1,84100,3,NA,6,West,Colorado,Denver,2/2/2015,1352
630,2,0,1,0,1,48700,2,1,12,Midwest,Kansas,Kansas City,6/17/2013,528
631,2,1,0,0,1,45900,0,2,12,East,New York,New York,1/25/2011,716
632,3,0,1,1,1,70700,0,3,24,South,Texas,Dallas,2/19/2014,2150
633,1,1,0,0,0,13800,1,1,12,West,Arizona,Phoenix,10/14/2009,368
634,2,0,1,1,1,100800,1,3,24,West,Colorado,Denver,11/24/2009,1789
635,1,1,0,0,0,25700,0,2,18,Midwest,Indiana,Indianapolis,9/10/2013,907
636,1,0,0,0,1,27000,1,NA,24,Midwest,Kentucky,Louisville,7/27/2015,1012
637,3,0,1,0,1,51900,0,2,12,East,New York,New York,2/20/2014,1148
638,2,0,0,0,0,37800,2,NA,12,Midwest,Indiana,Indianapolis,2/12/2015,1185
639,2,0,1,1,1,74700,1,2,6,South,Louisiana,New Orleans,6/7/2013,704
640,1,1,0,0,0,14800,1,NA,12,Midwest,Indiana,Indianapolis,8/18/2015,376
641,1,1,0,0,1,17400,0,NA,12,East,Pennsylvania,Pittsburgh,5/16/2015,332
642,2,0,1,1,1,59900,1,NA,6,Midwest,Ohio,Cincinnati,2/20/2015,613
643,2,0,1,0,1,67800,1,2,6,West,California,San Francisco,1/12/2012,680
644,2,0,0,1,1,135700,1,3,24,Midwest,Kansas,Kansas City,9/21/2012,2746
645,2,1,0,1,0,63000,0,3,18,Midwest,Ohio,Cincinnati,7/31/2010,2107
646,1,0,1,0,0,21900,2,1,24,South,Texas,Dallas,2/3/2011,486
647,2,0,0,1,1,114100,1,NA,24,South,Texas,Houston,2/9/2015,1976
648,1,1,0,0,0,22900,1,NA,12,West,Arizona,Phoenix,3/4/2015,814
649,2,0,1,1,1,82700,1,3,18,South,Texas,Dallas,8/29/2013,1753
650,3,0,1,1,1,103300,0,3,24,West,Colorado,Denver,11/11/2010,3378
651,2,1,1,1,0,113800,0,NA,12,West,Colorado,Denver,2/7/2015,3273
652,1,1,0,1,1,54500,1,2,18,West,California,San Francisco,10/20/2013,1001
653,3,1,1,1,1,54600,0,2,24,West,Arizona,Phoenix,11/2/2011,1246
654,1,0,0,0,1,18900,1,1,6,West,Colorado,Denver,11/15/2013,184
655,2,0,1,1,1,83300,1,3,24,East,Pennsylvania,Pittsburgh,12/20/2010,2574
656,2,1,0,0,0,60200,0,3,24,West,Washington,Seattle,8/25/2010,2304
657,2,0,0,0,1,53700,2,NA,12,East,New York,Buffalo,4/12/2015,1194
658,3,0,1,1,1,89000,0,3,12,West,Arizona,Phoenix,1/7/2013,1487
659,1,0,0,0,1,12500,3,NA,12,South,Tennessee,Memphis,7/23/2015,206
660,2,1,1,0,1,50600,3,NA,6,South,Louisiana,New Orleans,7/9/2015,713
661,2,0,1,1,1,67900,3,1,12,East,New York,New York,8/23/2014,356
662,2,1,0,1,1,62800,3,1,6,East,Ohio,Cleveland,6/15/2011,177
663,2,0,1,0,0,34600,2,2,18,West,Arizona,Phoenix,1/6/2015,748
664,2,0,1,0,1,43500,1,2,12,West,Arizona,Phoenix,2/25/2011,500
665,3,1,1,1,0,80700,0,NA,18,East,Massachusetts,Boston,5/19/2015,3034
666,3,1,0,0,1,29000,0,1,6,South,Texas,Dallas,8/24/2011,482
667,1,0,0,0,0,27600,1,2,24,Midwest,Ohio,Cincinnati,12/20/2012,893
668,3,0,1,1,0,12600,2,1,12,West,Utah,Salt Lake City,5/9/2009,164
669,2,0,1,1,0,88600,1,3,18,East,New York,Buffalo,7/11/2015,2563
670,2,1,1,1,0,61400,1,3,24,East,Ohio,Cleveland,1/24/2011,1575
671,2,0,0,0,1,40200,1,NA,12,Midwest,Kentucky,Louisville,7/23/2015,881
672,1,0,0,1,1,69700,2,2,6,West,California,Los Angeles,7/8/2010,584
673,2,1,0,0,1,53300,0,2,18,South,Tennessee,Memphis,8/16/2010,1720
674,3,1,0,1,0,66200,0,NA,6,East,Pennsylvania,Pittsburgh,2/8/2015,1024
675,2,1,0,0,1,54400,0,2,6,East,Pennsylvania,Pittsburgh,1/12/2015,1150
676,2,1,0,1,1,68700,0,3,24,West,California,San Francisco,2/12/2014,2763
677,1,0,0,0,1,25100,1,NA,6,Midwest,Illinois,Chicago,1/5/2015,421
678,1,0,0,0,1,20300,2,1,12,South,Florida,Miami,1/8/2013,180
679,3,0,1,1,1,118800,0,3,18,West,Colorado,Denver,5/21/2015,2176
680,1,1,0,0,1,17600,0,NA,6,West,California,Los Angeles,5/10/2015,273
681,2,1,1,1,0,88700,2,3,24,South,Texas,Houston,6/23/2011,2693
682,2,0,1,1,0,84900,1,3,24,West,California,San Francisco,8/25/2013,3072
683,2,1,1,1,0,89500,0,3,24,South,Florida,Miami,6/19/2015,5209
684,1,0,0,0,1,11900,1,1,6,West,Utah,Salt Lake City,7/13/2012,143
685,3,1,1,1,0,65500,0,3,24,East,Massachusetts,Boston,11/29/2009,1931
686,1,0,0,0,1,17600,2,1,18,South,Tennessee,Memphis,2/23/2014,163
687,2,0,1,1,1,82400,2,2,18,West,Arizona,Phoenix,6/9/2012,657
688,2,0,0,0,1,40400,1,1,24,East,Pennsylvania,Philadelphia,8/10/2009,630
689,2,1,1,1,1,70000,0,3,24,East,Pennsylvania,Pittsburgh,4/7/2014,1974
690,1,0,1,0,1,44700,1,2,6,Midwest,Kentucky,Louisville,1/30/2014,502
691,2,0,1,0,1,47900,1,2,24,Midwest,Illinois,Chicago,2/9/2010,662
692,1,0,0,1,1,63200,0,3,24,South,Tennessee,Memphis,8/18/2014,1512
693,2,1,1,1,0,86100,1,NA,12,Midwest,Indiana,Indianapolis,5/20/2015,1255
694,3,0,1,0,1,14600,0,1,24,Midwest,Ohio,Cincinnati,11/9/2010,468
695,2,1,1,0,1,62900,0,NA,24,West,Colorado,Denver,6/6/2015,2561
696,1,1,1,0,1,23200,0,NA,24,East,Ohio,Cleveland,5/12/2015,534
697,2,0,1,0,0,52600,2,2,12,East,New York,New York,5/2/2011,1307
698,2,1,0,0,1,53900,1,2,6,East,Massachusetts,Boston,9/24/2014,735
699,2,1,1,1,1,100100,2,NA,6,West,California,San Francisco,7/21/2015,1597
700,2,1,0,0,0,50000,1,NA,6,East,Pennsylvania,Pittsburgh,7/3/2015,1079
701,3,0,0,1,1,97000,0,NA,24,Midwest,Illinois,Chicago,8/29/2015,2599
702,3,0,1,1,1,35000,0,2,6,Midwest,Illinois,Chicago,1/26/2009,473
703,1,1,1,0,0,39600,0,NA,12,South,Texas,Dallas,8/26/2015,1085
704,3,0,0,1,1,46900,0,2,6,East,Pennsylvania,Philadelphia,12/8/2012,703
705,3,1,0,1,1,81800,0,3,6,East,Massachusetts,Boston,7/30/2013,919
706,2,1,1,1,1,99200,3,NA,12,West,Utah,Salt Lake City,7/21/2015,2796
707,2,0,0,1,0,75800,1,3,12,East,Pennsylvania,Pittsburgh,9/21/2012,1830
708,1,0,0,0,1,14500,1,1,6,West,Colorado,Denver,3/27/2011,183
709,1,0,0,0,0,19700,2,1,6,South,Florida,Miami,8/12/2010,330
710,2,1,0,0,1,43200,0,NA,24,Midwest,Missouri,St. Louis,2/19/2015,917
711,1,1,0,0,1,14400,0,NA,24,Midwest,Missouri,St. Louis,4/2/2015,615
712,1,1,0,1,0,43500,1,2,12,Midwest,Ohio,Cincinnati,10/31/2013,808
713,2,1,1,0,1,55500,3,1,18,Midwest,Missouri,St. Louis,7/19/2015,427
714,2,0,1,1,1,108100,1,3,12,Midwest,Illinois,Chicago,2/6/2010,1133
715,2,0,0,0,1,33200,1,NA,6,West,Washington,Seattle,7/19/2015,320
716,2,1,1,1,0,98900,0,NA,18,East,Pennsylvania,Philadelphia,3/11/2015,3126
717,3,0,1,1,0,81400,0,3,24,South,Texas,Houston,9/1/2012,3001
718,1,0,0,0,1,20100,1,1,12,West,Utah,Salt Lake City,11/19/2009,271
719,1,0,0,0,1,12000,0,1,6,South,Florida,Miami,5/6/2012,140
720,2,1,0,1,1,79500,0,3,18,South,Florida,Miami,9/22/2013,1763
721,1,0,1,0,0,27900,1,NA,12,Midwest,Ohio,Cincinnati,8/9/2015,576
722,2,1,0,1,0,70500,1,NA,24,East,Pennsylvania,Philadelphia,3/8/2015,2145
723,1,1,0,0,1,21200,0,NA,12,Midwest,Indiana,Indianapolis,5/14/2015,417
724,3,0,1,0,0,42600,0,3,24,West,Utah,Salt Lake City,10/30/2012,1790
725,2,1,1,1,1,118500,1,3,24,West,Utah,Salt Lake City,2/22/2011,3063
726,1,0,1,0,1,15600,1,1,6,West,Utah,Salt Lake City,12/4/2014,136
727,1,0,1,0,1,27200,2,1,18,East,Pennsylvania,Pittsburgh,1/6/2011,446
728,1,1,0,0,1,26100,1,NA,6,Midwest,Kansas,Kansas City,3/5/2015,494
729,2,1,1,0,1,55900,0,2,12,Midwest,Illinois,Chicago,2/2/2011,964
730,1,1,0,1,1,27400,1,1,6,East,Ohio,Cleveland,6/25/2011,278
731,2,1,0,0,0,59000,0,3,24,East,Massachusetts,Boston,8/2/2012,3044
732,1,0,0,1,1,37100,2,1,24,Midwest,Indiana,Indianapolis,12/6/2009,653
733,3,1,1,0,0,62000,0,3,24,West,Arizona,Phoenix,2/12/2011,3293
734,1,0,1,1,0,68000,0,3,24,South,Florida,Orlando,7/2/2010,3688
735,1,1,0,0,1,15000,3,1,6,South,Texas,Dallas,7/4/2012,38
736,2,0,0,1,0,45400,3,2,24,East,New York,Buffalo,8/15/2011,1203
737,3,1,1,1,1,56600,0,NA,24,Midwest,Ohio,Cincinnati,4/15/2015,1607
738,3,0,1,0,0,16300,0,1,6,West,California,Los Angeles,9/19/2011,317
739,2,0,0,0,0,45600,0,3,12,West,California,Los Angeles,9/23/2012,1322
740,1,1,0,0,1,14200,0,1,6,Midwest,Illinois,Chicago,3/24/2010,250
741,2,0,1,1,1,72200,2,2,18,Midwest,Kentucky,Louisville,10/1/2011,715
742,2,1,1,1,1,126500,2,3,18,West,California,San Francisco,5/30/2012,2000
743,2,1,1,0,0,70200,0,3,12,Midwest,Kansas,Kansas City,2/17/2010,1702
744,1,0,0,0,1,13500,0,1,18,East,New York,New York,7/23/2015,296
745,2,1,0,1,1,118800,0,3,12,West,California,Los Angeles,5/1/2015,2631
746,2,0,0,0,0,39000,3,1,6,East,New York,New York,10/19/2012,292
747,2,1,1,1,1,140700,3,2,12,South,Tennessee,Memphis,6/25/2014,1001
748,1,1,0,1,0,51600,0,NA,12,East,New York,Buffalo,6/28/2015,1082
749,3,0,0,1,1,39700,0,2,12,Midwest,Missouri,St. Louis,11/6/2013,573
750,3,0,1,1,1,90500,0,3,6,West,California,San Francisco,10/17/2011,863
751,3,1,0,1,1,90200,0,3,18,South,Louisiana,New Orleans,1/4/2009,2183
752,2,0,1,1,0,101700,1,NA,24,West,Arizona,Phoenix,6/30/2015,2551
753,1,0,1,0,1,24400,1,1,6,East,Pennsylvania,Pittsburgh,7/31/2012,220
754,2,0,0,0,0,45500,1,NA,18,South,Texas,Houston,4/28/2015,1624
755,2,1,1,1,1,42700,0,2,6,East,New York,Buffalo,1/6/2013,541
756,2,0,0,1,1,82300,2,2,12,South,Louisiana,New Orleans,10/3/2010,580
757,1,0,1,0,0,31900,0,NA,12,West,Arizona,Phoenix,2/10/2015,860
758,2,0,1,0,0,25300,1,NA,6,South,Florida,Miami,4/14/2015,451
759,1,0,1,1,0,55900,1,NA,6,East,Ohio,Cleveland,6/27/2015,788
760,2,0,1,0,1,47900,0,NA,12,Midwest,Indiana,Indianapolis,2/12/2015,1090
761,2,0,0,1,1,66300,2,2,12,West,California,San Francisco,1/20/2011,544
762,2,0,1,1,0,118300,1,3,12,South,Tennessee,Memphis,5/10/2010,2502
763,2,1,1,1,1,77100,2,2,6,Midwest,Indiana,Indianapolis,7/3/2014,568
764,1,1,0,0,1,28400,3,1,18,South,Florida,Orlando,10/30/2010,182
765,2,0,0,0,1,42200,0,NA,18,Midwest,Illinois,Chicago,5/13/2015,1753
766,1,1,1,0,1,31900,0,2,6,South,Texas,Dallas,10/11/2014,616
767,2,0,1,1,1,59100,1,NA,6,South,Texas,Houston,2/24/2015,1426
768,2,1,0,1,0,72200,3,2,18,Midwest,Illinois,Chicago,4/16/2010,1042
769,2,0,0,1,1,60500,2,1,6,West,Arizona,Phoenix,10/11/2014,409
770,1,1,0,1,1,36700,0,2,12,West,California,San Francisco,8/9/2015,731
771,2,1,1,1,1,88700,1,NA,18,East,Massachusetts,Boston,3/28/2015,2448
772,2,0,1,0,1,51200,0,2,18,West,Arizona,Phoenix,3/26/2012,1257
773,2,1,0,0,1,60300,0,3,6,West,Utah,Salt Lake City,6/9/2009,701
774,3,0,0,0,1,29200,0,1,12,West,Arizona,Phoenix,10/26/2014,556
775,2,1,1,1,1,79600,2,NA,6,West,Utah,Salt Lake City,4/25/2015,1575
776,2,1,1,1,1,79000,2,2,18,South,Florida,Orlando,7/16/2014,671
777,1,1,0,1,1,36600,0,NA,6,West,Arizona,Phoenix,1/19/2015,587
778,2,1,0,0,1,34200,1,1,18,South,Texas,Dallas,7/30/2009,523
779,1,1,0,0,0,19400,0,1,6,Midwest,Illinois,Chicago,7/17/2010,563
780,2,0,1,1,1,86400,1,3,12,South,Tennessee,Memphis,5/28/2013,1713
781,1,0,0,0,1,11500,3,NA,6,Midwest,Kansas,Kansas City,2/15/2015,157
782,1,0,0,0,1,24000,2,NA,6,Midwest,Ohio,Cincinnati,2/9/2015,362
783,2,1,1,1,0,123000,1,3,24,West,Washington,Seattle,3/8/2014,5878
784,2,0,1,1,1,71900,0,3,18,Midwest,Missouri,St. Louis,1/11/2015,1846
785,3,0,0,1,1,70900,0,3,24,East,Pennsylvania,Pittsburgh,1/7/2014,1685
786,1,1,0,0,0,20300,2,1,24,South,Louisiana,New Orleans,11/22/2011,450
787,2,1,0,0,1,52100,0,NA,12,Midwest,Illinois,Chicago,5/27/2015,1668
788,1,0,0,0,1,16900,2,NA,6,East,Pennsylvania,Pittsburgh,8/8/2015,281
789,2,0,1,1,0,96800,3,NA,24,Midwest,Kentucky,Louisville,3/7/2015,3082
790,1,1,0,1,0,55000,0,NA,12,Midwest,Kansas,Kansas City,8/6/2015,1162
791,1,1,0,0,1,20900,0,NA,6,Midwest,Missouri,St. Louis,6/26/2015,296
792,2,1,1,1,1,102400,1,NA,12,Midwest,Kentucky,Louisville,7/13/2015,2466
793,2,1,0,0,0,53800,0,3,12,Midwest,Indiana,Indianapolis,4/28/2013,1803
794,2,1,1,1,1,98400,0,3,12,Midwest,Indiana,Indianapolis,12/27/2014,1414
795,2,0,0,0,1,40700,3,1,18,South,Louisiana,New Orleans,8/10/2014,232
796,3,0,1,1,1,83700,0,3,18,East,Pennsylvania,Pittsburgh,6/28/2013,1582
797,3,1,1,1,1,134500,0,3,24,South,Florida,Orlando,10/16/2010,4558
798,2,1,1,0,1,74400,0,3,12,West,Washington,Seattle,6/19/2015,1152
799,2,1,1,1,0,111800,3,3,18,West,California,Los Angeles,12/4/2012,2065
800,3,0,1,0,1,39600,0,2,12,South,Tennessee,Memphis,2/4/2014,610
801,2,1,1,0,1,64200,0,3,18,Midwest,Kentucky,Louisville,6/6/2014,1642
802,1,0,0,1,1,40000,0,NA,6,South,Florida,Orlando,6/28/2015,613
803,2,0,1,0,0,64400,3,2,24,Midwest,Indiana,Indianapolis,5/29/2014,1913
804,2,0,0,1,1,79900,1,2,12,Midwest,Indiana,Indianapolis,2/28/2010,1041
805,3,1,1,1,1,77300,0,3,18,East,Pennsylvania,Pittsburgh,12/24/2012,1853
806,2,1,1,1,1,98500,0,3,18,South,Texas,Houston,1/30/2009,2034
807,2,0,0,1,1,93500,1,3,18,East,New York,New York,5/11/2009,1426
808,2,0,0,0,0,49500,2,2,12,East,Ohio,Cleveland,9/18/2011,1195
809,2,1,1,1,1,127000,0,NA,12,South,Florida,Orlando,1/1/2015,1821
810,2,1,1,1,1,95100,2,2,12,East,New York,Buffalo,3/1/2015,809
811,1,0,0,0,0,18400,1,1,12,South,Florida,Miami,4/2/2015,662
812,1,0,0,0,0,13500,2,1,12,Midwest,Missouri,St. Louis,5/2/2010,160
813,2,1,0,0,1,43800,0,2,12,East,New York,New York,12/12/2011,606
814,3,1,1,1,1,66300,0,3,12,East,New York,New York,2/20/2010,1088
815,1,0,0,0,1,18800,2,1,18,Midwest,Illinois,Chicago,2/1/2010,170
816,2,1,0,0,1,53900,0,2,12,Midwest,Kansas,Kansas City,9/23/2013,1060
817,2,1,1,0,1,45800,0,NA,6,South,Texas,Houston,7/22/2015,712
818,1,1,0,0,0,19000,0,NA,12,West,California,Los Angeles,5/2/2015,428
819,1,0,0,1,1,25500,2,1,6,East,New York,New York,8/12/2015,139
820,3,0,0,1,0,64600,0,3,18,East,Pennsylvania,Philadelphia,12/19/2012,2206
821,2,1,1,1,1,82100,1,3,18,Midwest,Ohio,Cincinnati,12/27/2011,1308
822,3,1,1,0,1,51400,0,NA,6,West,California,San Francisco,2/15/2015,694
823,2,1,0,0,0,65400,0,3,12,Midwest,Illinois,Chicago,8/16/2009,2296
824,2,0,0,1,0,60100,1,3,18,East,New York,Buffalo,8/3/2014,1430
825,3,0,1,1,1,77600,0,3,18,West,California,San Francisco,4/24/2014,2004
826,1,1,0,1,1,69700,1,2,12,East,Pennsylvania,Philadelphia,10/23/2010,1432
827,1,0,0,0,0,17300,0,1,6,Midwest,Kansas,Kansas City,3/29/2012,411
828,2,0,0,1,1,66500,1,NA,24,East,Massachusetts,Boston,4/30/2015,1181
829,1,0,0,0,0,20700,1,1,12,Midwest,Indiana,Indianapolis,11/27/2010,550
830,1,0,0,0,1,13100,0,NA,18,South,Tennessee,Memphis,4/28/2015,314
831,2,1,1,1,1,77700,0,NA,6,East,New York,New York,3/16/2015,983
832,2,1,1,1,1,65800,1,NA,12,Midwest,Missouri,St. Louis,1/15/2015,1017
833,1,1,0,0,1,21300,0,1,24,West,Arizona,Phoenix,1/13/2013,677
834,3,0,0,0,0,19700,0,1,6,South,Tennessee,Memphis,10/15/2014,535
835,1,1,0,0,1,17900,0,NA,18,Midwest,Indiana,Indianapolis,1/1/2015,395
836,3,1,1,1,1,116100,1,3,24,West,Utah,Salt Lake City,12/9/2013,2975
837,2,1,1,1,1,113000,2,2,18,Midwest,Kentucky,Louisville,3/3/2015,1554
838,1,1,0,0,0,25300,0,2,12,South,Florida,Miami,11/2/2009,591
839,1,0,0,0,0,13600,1,NA,18,Midwest,Kentucky,Louisville,6/10/2015,349
840,2,0,1,1,1,97500,1,3,12,South,Tennessee,Memphis,11/1/2013,1280
841,2,0,1,0,1,68400,0,3,12,West,California,San Francisco,6/20/2010,1304
842,2,0,1,1,1,131500,3,NA,6,Midwest,Kansas,Kansas City,6/16/2015,2840
843,1,1,0,0,1,19600,0,1,12,South,Florida,Orlando,7/31/2009,395
844,3,0,1,1,1,51000,0,2,12,East,New York,Buffalo,12/28/2013,1025
845,1,0,0,1,0,47200,1,2,12,West,Arizona,Phoenix,3/30/2009,1272
846,2,1,0,0,0,36700,1,2,24,West,Colorado,Denver,2/22/2013,1218
847,2,1,1,1,1,83900,0,3,24,South,Louisiana,New Orleans,1/4/2015,1721
848,3,0,1,1,0,78900,0,3,18,West,California,Los Angeles,9/4/2011,2233
849,2,0,1,0,1,48400,0,2,12,East,Ohio,Cleveland,12/17/2013,992
850,2,0,1,1,1,62200,3,NA,24,Midwest,Indiana,Indianapolis,6/17/2015,2119
851,3,0,0,0,1,37000,1,NA,6,East,New York,New York,8/14/2015,632
852,2,0,1,1,0,77600,3,2,12,East,Pennsylvania,Pittsburgh,4/26/2015,858
853,1,0,0,0,0,18400,1,1,6,South,Tennessee,Memphis,1/3/2010,303
854,1,0,0,0,0,10200,2,1,18,Midwest,Illinois,Chicago,3/16/2013,213
855,2,1,0,0,0,52200,0,3,24,West,Colorado,Denver,4/12/2014,1909
856,2,1,1,1,0,108000,3,3,24,Midwest,Kansas,Kansas City,3/23/2012,1849
857,2,0,1,1,0,102800,2,3,18,South,Louisiana,New Orleans,3/21/2015,2238
858,3,1,1,0,1,69100,0,3,12,West,California,Los Angeles,7/28/2014,1477
859,1,0,0,1,1,25900,1,1,6,West,Washington,Seattle,1/23/2014,242
860,1,1,0,1,1,45800,0,2,6,East,Ohio,Cleveland,10/15/2012,489
861,3,0,1,1,0,100100,0,3,12,East,Pennsylvania,Philadelphia,12/18/2009,3104
862,1,0,1,0,0,16300,0,NA,12,Midwest,Ohio,Cincinnati,6/4/2015,360
863,1,0,0,1,0,32700,1,NA,18,South,Texas,Houston,6/24/2015,1276
864,2,0,0,0,1,32700,2,1,6,Midwest,Illinois,Chicago,9/4/2009,273
865,2,1,1,1,1,71600,1,NA,12,West,Washington,Seattle,5/22/2015,1198
866,1,0,0,0,1,26700,1,NA,12,South,Louisiana,New Orleans,6/2/2015,459
867,1,0,0,0,1,16300,1,NA,12,West,Washington,Seattle,2/27/2015,470
868,1,1,0,1,1,45500,0,2,6,West,Washington,Seattle,4/21/2010,754
869,1,0,1,0,0,33200,2,2,12,Midwest,Missouri,St. Louis,4/24/2009,607
870,2,0,0,1,1,72900,3,1,6,West,Arizona,Phoenix,3/9/2013,252
871,2,0,0,1,1,96700,2,2,12,South,Texas,Houston,5/5/2010,1231
872,1,0,0,0,1,16900,1,1,6,Midwest,Kansas,Kansas City,7/19/2011,247
873,2,1,0,1,0,52800,2,2,12,South,Tennessee,Memphis,9/23/2014,926
874,2,1,1,1,1,60500,3,1,12,East,New York,New York,4/30/2014,340
875,3,0,1,1,1,26700,0,1,24,West,California,Los Angeles,7/11/2009,1120
876,2,1,0,0,1,63600,0,3,6,East,Ohio,Cleveland,3/14/2010,1318
877,1,0,1,0,1,27100,2,1,24,Midwest,Illinois,Chicago,2/27/2012,437
878,2,0,0,0,1,27200,3,1,24,South,Texas,Houston,3/27/2009,243
879,2,0,0,1,1,87700,3,NA,24,East,Pennsylvania,Pittsburgh,2/22/2015,2446
880,2,1,1,0,0,68700,1,NA,24,South,Texas,Dallas,8/28/2015,1699
881,2,1,1,0,1,60200,3,NA,12,East,Pennsylvania,Pittsburgh,4/8/2015,1364
882,1,0,0,1,1,47300,0,NA,6,South,Texas,Houston,6/10/2015,640
883,3,1,1,0,0,61000,0,3,6,West,Arizona,Phoenix,2/25/2013,975
884,2,1,1,1,1,84200,0,3,24,South,Louisiana,New Orleans,4/25/2009,1654
885,2,0,1,1,1,86900,0,3,18,West,Colorado,Denver,9/25/2014,2230
886,1,0,0,0,0,21700,3,NA,24,West,Utah,Salt Lake City,8/6/2015,708
887,1,1,0,0,1,17600,0,NA,6,Midwest,Indiana,Indianapolis,6/3/2015,245
888,2,1,1,0,0,50100,1,3,18,Midwest,Indiana,Indianapolis,7/18/2011,1071
889,2,0,0,0,1,42700,0,2,12,Midwest,Indiana,Indianapolis,9/2/2011,827
890,2,1,0,0,1,41800,3,1,24,East,Pennsylvania,Pittsburgh,2/26/2013,301
891,1,1,0,1,0,53600,3,2,24,East,Ohio,Cleveland,7/27/2010,1560
892,2,1,1,1,1,96900,0,3,6,South,Louisiana,New Orleans,9/12/2009,1159
893,1,1,0,0,1,10200,0,NA,24,West,California,Los Angeles,4/4/2015,362
894,2,1,0,0,0,49000,0,3,18,West,California,Los Angeles,6/10/2011,1523
895,3,1,1,1,0,74500,0,NA,18,South,Florida,Orlando,1/6/2015,1413
896,1,1,0,0,1,19800,2,1,12,Midwest,Ohio,Cincinnati,8/17/2014,209
897,3,0,0,0,0,13900,0,1,6,East,New York,Buffalo,4/6/2012,191
898,2,1,0,0,1,42300,0,2,24,East,New York,Buffalo,9/6/2014,1051
899,3,0,1,1,1,52200,1,2,12,Midwest,Ohio,Cincinnati,5/28/2010,669
900,1,0,1,1,0,70900,0,NA,6,East,Ohio,Cleveland,8/22/2015,690
901,3,0,1,0,1,24400,0,1,6,East,New York,Buffalo,3/23/2014,491
902,2,0,0,1,1,68800,0,NA,6,South,Florida,Orlando,7/10/2015,1658
903,1,1,0,0,1,10400,0,NA,18,Midwest,Indiana,Indianapolis,6/21/2015,189
904,2,1,1,1,0,79200,1,3,6,West,Utah,Salt Lake City,4/12/2009,1905
905,1,1,0,0,1,18000,0,1,12,South,Florida,Orlando,9/17/2014,303
906,2,0,1,0,1,43100,0,NA,24,East,Pennsylvania,Philadelphia,2/20/2015,1444
907,1,0,1,0,1,27800,3,NA,12,West,Arizona,Phoenix,8/10/2015,408
908,2,1,1,1,1,97200,0,NA,12,Midwest,Ohio,Cincinnati,3/17/2015,1634
909,2,1,0,0,1,38600,1,1,18,West,Arizona,Phoenix,11/18/2014,542
910,1,1,1,1,1,55100,0,2,18,Midwest,Illinois,Chicago,8/29/2013,1439
911,3,0,1,1,1,62800,0,3,18,East,Massachusetts,Boston,1/1/2014,1403
912,1,0,0,0,1,29200,3,NA,6,South,Florida,Orlando,4/8/2015,636
913,1,1,0,0,1,10200,2,NA,12,Midwest,Illinois,Chicago,7/23/2015,333
914,1,0,0,0,0,14300,2,1,6,West,Utah,Salt Lake City,2/26/2013,194
915,2,1,0,0,1,70000,0,3,6,Midwest,Missouri,St. Louis,6/11/2010,785
916,2,0,0,1,1,79900,1,2,18,East,Ohio,Cleveland,5/26/2012,1165
917,1,0,0,0,1,12500,1,1,6,South,Florida,Miami,4/3/2011,202
918,2,0,0,1,1,84200,2,2,24,East,Pennsylvania,Pittsburgh,6/6/2014,954
919,3,0,0,0,1,14600,1,1,24,West,California,Los Angeles,7/5/2015,385
920,1,0,0,1,1,13800,0,1,18,South,Florida,Orlando,1/1/2014,363
921,2,1,0,1,0,72200,1,3,12,Midwest,Kentucky,Louisville,10/13/2014,2082
922,2,1,0,0,1,49100,0,NA,6,East,New York,Buffalo,6/30/2015,934
923,2,0,1,0,1,53300,3,NA,6,East,Pennsylvania,Philadelphia,7/2/2015,508
924,2,1,1,1,1,118600,1,NA,12,West,Colorado,Denver,2/7/2015,1553
925,1,1,0,1,1,56900,2,1,12,Midwest,Indiana,Indianapolis,9/6/2013,687
926,2,1,1,1,1,109200,3,1,24,South,Florida,Miami,5/16/2015,1102
927,1,0,0,0,1,23200,3,NA,24,South,Texas,Dallas,7/6/2015,770
928,2,0,0,1,0,61500,3,2,24,Midwest,Kentucky,Louisville,10/13/2013,1162
929,1,0,0,0,0,25600,2,NA,18,Midwest,Missouri,St. Louis,1/18/2015,426
930,3,0,0,0,0,15000,0,1,12,East,New York,New York,9/10/2012,378
931,3,1,1,1,1,168800,0,3,6,East,Pennsylvania,Philadelphia,10/15/2011,1512
932,3,1,0,1,1,49600,0,2,6,South,Florida,Orlando,11/11/2013,770
933,3,0,1,0,0,40600,2,2,6,South,Louisiana,New Orleans,3/12/2014,690
934,2,0,1,1,1,111900,1,NA,12,South,Florida,Orlando,4/17/2015,2340
935,1,1,0,0,0,17500,0,1,18,Midwest,Indiana,Indianapolis,7/12/2015,472
936,3,0,1,0,1,64600,0,NA,6,Midwest,Kentucky,Louisville,5/19/2015,1298
937,3,0,1,0,1,33000,3,NA,6,West,Arizona,Phoenix,1/21/2015,700
938,3,0,1,0,1,22800,0,1,6,East,New York,New York,10/21/2014,258
939,3,1,0,1,0,23800,0,NA,12,East,Massachusetts,Boston,4/21/2015,428
940,2,1,1,1,0,140000,0,3,12,West,Washington,Seattle,2/26/2009,4894
941,2,0,1,1,1,96500,1,3,18,Midwest,Kentucky,Louisville,9/6/2013,1364
942,1,0,0,0,1,14200,2,1,18,East,New York,Buffalo,2/2/2012,197
943,2,1,1,1,1,98400,0,3,18,West,Utah,Salt Lake City,4/9/2012,3305
944,2,1,1,1,1,82400,3,NA,18,East,Pennsylvania,Pittsburgh,1/9/2015,2122
945,2,1,1,1,1,76100,0,NA,6,East,New York,Buffalo,1/30/2015,719
946,2,0,0,0,1,43000,3,1,24,South,Louisiana,New Orleans,12/25/2009,225
947,3,0,0,1,1,71800,0,3,24,East,Massachusetts,Boston,8/30/2011,1946
948,2,1,1,1,1,117900,0,3,6,Midwest,Illinois,Chicago,12/13/2012,1760
949,3,1,0,1,1,71800,0,3,12,East,Massachusetts,Boston,7/15/2012,1389
950,2,1,1,1,0,118400,2,NA,12,South,Florida,Orlando,8/21/2015,3941
951,1,0,0,1,1,61700,0,NA,12,East,Massachusetts,Boston,2/6/2015,1161
952,2,1,1,1,1,108200,3,1,12,East,New York,New York,7/18/2011,635
953,3,1,1,1,1,75500,0,3,6,South,Texas,Dallas,3/14/2015,741
954,2,0,1,0,1,53700,3,1,12,West,Washington,Seattle,12/20/2010,235
955,2,1,1,1,1,96600,0,NA,12,West,Arizona,Phoenix,5/4/2015,1437
956,3,1,1,0,1,38700,0,NA,24,East,Massachusetts,Boston,6/20/2015,1506
957,3,0,1,0,1,11400,0,NA,6,East,Massachusetts,Boston,6/23/2015,258
958,2,0,1,1,0,109800,0,3,18,East,New York,New York,11/2/2012,4279
959,1,0,0,0,1,14400,1,1,18,East,Pennsylvania,Philadelphia,5/25/2014,223
960,1,0,0,0,0,14500,1,1,6,South,Florida,Miami,2/14/2014,222
961,2,0,1,0,1,48700,1,NA,12,West,Arizona,Phoenix,6/10/2015,1457
962,3,0,1,0,1,12700,2,1,6,South,Florida,Miami,9/26/2011,65
963,2,1,0,1,0,97600,1,NA,12,West,Utah,Salt Lake City,3/9/2015,2902
964,2,1,1,1,1,96500,0,3,24,South,Texas,Dallas,11/10/2011,3780
965,3,0,0,0,1,11000,0,NA,24,South,Texas,Houston,5/22/2015,195
966,3,0,0,0,0,14000,0,1,12,West,Washington,Seattle,5/2/2015,410
967,1,0,0,0,1,21700,2,NA,6,West,Colorado,Denver,4/1/2015,387
968,3,1,0,1,1,34500,0,2,12,East,Ohio,Cleveland,4/25/2015,802
969,1,1,0,0,1,18200,0,1,12,Midwest,Illinois,Chicago,12/9/2013,401
970,2,0,1,0,0,55600,1,3,18,West,Utah,Salt Lake City,4/26/2009,1553
971,2,0,1,1,1,110400,3,1,24,East,Ohio,Cleveland,2/25/2015,1093
972,2,1,1,1,1,92300,1,NA,24,Midwest,Kansas,Kansas City,4/24/2015,2141
973,2,1,1,0,0,72300,0,3,24,Midwest,Indiana,Indianapolis,2/21/2012,4182
974,2,1,1,1,0,113600,2,3,18,West,California,San Francisco,9/27/2012,3237
975,2,0,0,1,1,88600,3,1,6,East,Pennsylvania,Philadelphia,10/28/2013,212
976,1,1,0,0,0,14900,1,NA,12,South,Florida,Orlando,4/7/2015,422
977,1,1,1,1,1,73000,0,NA,6,West,California,Los Angeles,4/2/2015,1534
978,2,0,1,0,1,36900,2,1,24,South,Tennessee,Memphis,6/3/2013,514
979,3,1,1,0,1,62200,0,NA,12,East,Pennsylvania,Philadelphia,2/6/2015,1583
980,1,0,0,0,0,13200,0,NA,24,South,Texas,Houston,3/22/2015,358
981,1,0,0,0,1,13300,1,1,6,Midwest,Illinois,Chicago,8/25/2013,184
982,2,1,1,0,1,64300,0,NA,6,South,Louisiana,New Orleans,1/27/2015,1325
983,1,0,1,0,0,41000,1,2,12,Midwest,Kansas,Kansas City,4/13/2013,768
984,3,1,1,1,0,86500,0,3,24,South,Louisiana,New Orleans,10/17/2010,2690
985,2,1,1,1,0,70000,1,NA,6,West,Washington,Seattle,6/1/2015,1227
986,2,0,1,1,1,123600,1,NA,12,South,Louisiana,New Orleans,3/29/2015,1892
987,3,0,1,1,1,25900,0,1,18,West,Utah,Salt Lake City,5/4/2013,582
988,2,1,1,1,0,81200,0,3,12,Midwest,Kansas,Kansas City,11/30/2010,2693
989,1,1,1,0,1,41400,0,2,18,Midwest,Ohio,Cincinnati,4/10/2013,643
990,1,0,0,0,0,12400,3,1,18,South,Louisiana,New Orleans,4/5/2013,205
991,1,0,0,0,1,14100,3,NA,6,South,Tennessee,Memphis,8/8/2015,153
992,2,1,1,1,1,65900,1,2,12,Midwest,Kansas,Kansas City,12/26/2011,1081
993,3,1,1,1,0,59700,0,3,18,Midwest,Ohio,Cincinnati,10/23/2012,1857
994,1,1,0,0,1,17800,0,1,18,Midwest,Kentucky,Louisville,1/31/2012,292
995,3,1,1,0,1,41900,0,2,6,South,Florida,Miami,7/7/2013,654
996,2,0,1,0,1,53800,0,2,12,West,Washington,Seattle,8/14/2015,843
997,3,0,0,0,1,21200,0,1,6,East,Ohio,Cleveland,11/11/2014,242
998,2,1,1,1,1,102600,0,3,18,East,Pennsylvania,Philadelphia,8/9/2013,2546
999,2,0,0,1,1,93700,1,3,24,East,Pennsylvania,Pittsburgh,4/15/2015,1521
1000,2,1,1,1,1,102500,1,3,24,West,Utah,Salt Lake City,3/9/2012,2464
